Workbook

Sheet 基本数据输入&测算结果
A3: 安徽电价区间 | B3: 0 | C3: 0.041666667 | D3: 0.083333333 | E3: 0.125 | F3: 0.16666667 | G3: 0.20833333 | H3: 0.25 | I3: 0.29166667 | J3: 0.33333333 | K3: 0.375 | L3: 0.41666667 | M3: 0.45833333 | N3: 0.5 | O3: 0.54166667 | P3: 0.58333333 | Q3: 0.625 | R3: 0.66666667 | S3: 0.70833333 | T3: 0.75 | U3: 0.79166667 | V3: 0.83333333 | W3: 0.875 | X3: 0.91666667 | Y3: 0.95833333
A4: 7-9月 | B4: 平 | C4: 平 | D4: 谷 | E4: 谷 | F4: 谷 | G4: 谷 | H4: 谷 | I4: 谷 | J4: 谷 | K4: 平 | L4: 平 | M4: 谷 | N4: 谷 | O4: 平 | P4: 平 | Q4: 平 | R4: 峰 | S4: 峰 | T4: 峰 | U4: 峰 | V4: 峰 | W4: 峰 | X4: 峰 | Y4: 峰
A5: 充放电策略 | B5: 待机 | C5: 待机 | D5: 充 | E5: 充 | F5: 充 | G5: 充 | H5: 充 | I5: 充 | J5: 充 | K5: 放 | L5: 放 | M5: 充 | N5: 充 | O5: 待机 | P5: 待机 | Q5: 待机 | R5: 放 | S5: 放 | T5: 放 | U5: 放 | V5: 放 | W5: 放 | X5: 放 | Y5: 放
A6: 1、12月 | B6: 谷 | C6: 谷 | D6: 谷 | E6: 谷 | F6: 谷 | G6: 谷 | H6: 平 | I6: 平 | J6: 平 | K6: 平 | L6: 平 | M6: 平 | N6: 谷 | O6: 谷 | P6: 平 | Q6: 峰 | R6: 峰 | S6: 峰 | T6: 峰 | U6: 峰 | V6: 峰 | W6: 峰 | X6: 峰 | Y6: 谷
A7: 充放电策略 | B7: 充 | C7: 充 | D7: 充 | E7: 充 | F7: 充 | G7: 充 | H7: 放 | I7: 放 | J7: 放 | K7: 放 | L7: 放 | M7: 放 | N7: 充 | O7: 充 | P7: 待机 | Q7: 放 | R7: 放 | S7: 放 | T7: 放 | U7: 放 | V7: 放 | W7: 放 | X7: 放 | Y7: 充
A8: 其他月份 | B8: 谷 | C8: 谷 | D8: 谷 | E8: 谷 | F8: 谷 | G8: 谷 | H8: 峰 | I8: 峰 | J8: 平 | K8: 平 | L8: 平 | M8: 谷 | N8: 谷 | O8: 谷 | P8: 平 | Q8: 平 | R8: 峰 | S8: 峰 | T8: 峰 | U8: 峰 | V8: 峰 | W8: 峰 | X8: 平 | Y8: 谷
A9: 充放电策略 | B9: 充 | C9: 充 | D9: 充 | E9: 充 | F9: 充 | G9: 充 | H9: 放 | I9: 放 | J9: 待机 | K9: 待机 | L9: 待机 | M9: 充 | N9: 充 | O9: 充 | P9: 待机 | Q9: 待机 | R9: 放 | S9: 放 | T9: 放 | U9: 放 | V9: 放 | W9: 放 | X9: 待机 | Y9: 充
A10: 7月15日-8月31日 | B10: 平 | C10: 平 | D10: 谷 | E10: 谷 | F10: 谷 | G10: 谷 | H10: 谷 | I10: 谷 | J10: 谷 | K10: 平 | L10: 平 | M10: 谷 | N10: 谷 | O10: 平 | P10: 平 | Q10: 平 | R10: 峰 | S10: 峰 | T10: 峰 | U10: 峰 | V10: 尖 | W10: 尖 | X10: 峰 | Y10: 峰
A11: 充放电策略 | B11: 待机 | C11: 待机 | D11: 充 | E11: 充 | F11: 充 | G11: 充 | H11: 充 | I11: 充 | J11: 充 | K11: 放 | L11: 放 | M11: 充 | N11: 充 | O11: 待机 | P11: 待机 | Q11: 待机 | R11: 放 | S11: 放 | T11: 放 | U11: 放 | V11: 放 | W11: 放 | X11: 放 | Y11: 放
A12: 12月15日-1月31日 | B12: 谷 | C12: 谷 | D12: 谷 | E12: 谷 | F12: 谷 | G12: 谷 | H12: 平 | I12: 平 | J12: 平 | K12: 平 | L12: 平 | M12: 平 | N12: 谷 | O12: 谷 | P12: 平 | Q12: 峰 | R12: 峰 | S12: 峰 | T12: 峰 | U12: 尖 | V12: 尖 | W12: 峰 | X12: 峰 | Y12: 谷
A13: 充放电策略 | B13: 充 | C13: 充 | D13: 充 | E13: 充 | F13: 充 | G13: 充 | H13: 放 | I13: 放 | J13: 放 | K13: 放 | L13: 放 | M13: 放 | N13: 充 | O13: 充 | P13: 待机 | Q13: 放 | R13: 放 | S13: 放 | T13: 放 | U13: 放 | V13: 放 | W13: 放 | X13: 放 | Y13: 充
B18: 基本信息输入 | F18: 满充率 | G18: 第一次充电 | H18: 第二次充电 | J18: 放电率 | K18: 第一次放电 | L18: 第二次放电 | N18: 充放次数 | Q18: 尖电价比例 | R18: 第一次放电尖电价比例 | S18: 第二次放电尖电价比例
B19: 变压器容量 | C19: 1315 | F19: 1月 | G19: =SUM('负荷数据&测算'!CU2:CU32)/31 -> 0.032258065 | H19: =SUM('负荷数据&测算'!CY2:CY32)/31 -> 0.032258065 | J19: 1月 | K19: =SUM('负荷数据&测算'!CW2:CW32)/31 -> 0.032258065 | L19: =SUM('负荷数据&测算'!DA2:DA32)/31 -> 0.032258065 | N19: 1月 | O19: =SUM('负荷数据&测算'!DB2:DB32)/31 -> 0.064516129 | Q19: 1月 | S19: =AVERAGE('负荷数据&测算'!DC2:DC32) -> 0.032258065
B20: 电池容量 | C20: 500 | F20: 2月 | G20: =SUM('负荷数据&测算'!CU33:CU60)/28 -> 0 | H20: =SUM('负荷数据&测算'!CY33:CY60)/28 -> 0 | J20: 2月 | K20: =SUM('负荷数据&测算'!CW33:CW60)/28 -> 0 | L20: =SUM('负荷数据&测算'!DA33:DA60)/28 -> 0 | N20: 2月 | O20: =SUM('负荷数据&测算'!DB33:DB60)/28 -> 0 | Q20: 2月
B21: 充放深度 | C21: 0.9 | F21: 3月 | G21: =SUM('负荷数据&测算'!CU61:CU91)/31 -> 0 | H21: =SUM('负荷数据&测算'!CY61:CY91)/31 -> 0 | J21: 3月 | K21: =SUM('负荷数据&测算'!CW61:CW91)/31 -> 0 | L21: =SUM('负荷数据&测算'!DA61:DA91)/31 -> 0 | N21: 3月 | O21: =SUM('负荷数据&测算'!DB61:DB91)/31 -> 0 | Q21: 3月
B22: 单边效率 | C22: 0.922 | F22: 4月 | G22: =SUM('负荷数据&测算'!CU92:CU121)/30 -> 0 | H22: =SUM('负荷数据&测算'!CY92:CY121)/30 -> 0 | J22: 4月 | K22: =SUM('负荷数据&测算'!CW92:CW121)/30 -> 0 | L22: =SUM('负荷数据&测算'!DA92:DA121)/30 -> 0 | N22: 4月 | O22: =SUM('负荷数据&测算'!DB92:DB121)/30 -> 0 | Q22: 4月
B23: 充电余量 | C23: =C19*0.2 -> 263 | F23: 5月 | G23: =SUM('负荷数据&测算'!CU122:CU152)/31 -> 0 | H23: =SUM('负荷数据&测算'!CY122:CY152)/31 -> 0 | J23: 5月 | K23: =SUM('负荷数据&测算'!CW122:CW152)/31 -> 0 | L23: =SUM('负荷数据&测算'!DA122:DA152)/31 -> 0 | N23: 5月 | O23: =SUM('负荷数据&测算'!DB122:DB152)/31 -> 0 | Q23: 5月
B24: 放电余量 | C24: 100 | F24: 6月 | G24: =SUM('负荷数据&测算'!CU153:CU182)/30 -> 0 | H24: =SUM('负荷数据&测算'!CY153:CY182)/30 -> 0 | J24: 6月 | K24: =SUM('负荷数据&测算'!CW153:CW182)/30 -> 0 | L24: =SUM('负荷数据&测算'!DA153:DA182)/30 -> 0 | N24: 6月 | O24: =SUM('负荷数据&测算'!DB153:DB182)/30 -> 0 | Q24: 6月
F25: 7月 | G25: =SUM('负荷数据&测算'!CU183:CU213)/31 -> 0 | H25: =SUM('负荷数据&测算'!CY183:CY213)/31 -> 0 | J25: 7月 | K25: =SUM('负荷数据&测算'!CW183:CW213)/31 -> 0 | L25: =SUM('负荷数据&测算'!DA182:DA212)/31 -> 0 | N25: 7月 | O25: =SUM('负荷数据&测算'!DB183:DB213)/31 -> 0 | Q25: 7月 | S25: =AVERAGE('负荷数据&测算'!DC183:DC213) -> 0
F26: 8月 | G26: =SUM('负荷数据&测算'!CU214:CU244)/31 -> 0 | H26: =SUM('负荷数据&测算'!CY214:CY244)/31 -> 0 | J26: 8月 | K26: =SUM('负荷数据&测算'!CW214:CW244)/31 -> 0 | L26: =SUM('负荷数据&测算'!DA214:DA244)/31 -> 0 | N26: 8月 | O26: =SUM('负荷数据&测算'!DB214:DB244)/31 -> 0 | Q26: 8月 | S26: =AVERAGE('负荷数据&测算'!DC214:DC244) -> 0
F27: 9月 | G27: =SUM('负荷数据&测算'!CU245:CU274)/30 -> 0 | H27: =SUM('负荷数据&测算'!CY245:CY274)/30 -> 0 | J27: 9月 | K27: =SUM('负荷数据&测算'!CW245:CW274)/30 -> 0 | L27: =SUM('负荷数据&测算'!DA245:DA274)/30 -> 0 | N27: 9月 | O27: =SUM('负荷数据&测算'!DB245:DB274)/30 -> 0 | Q27: 9月
F28: 10月 | G28: =SUM('负荷数据&测算'!CU275:CU305)/31 -> 0 | H28: =SUM('负荷数据&测算'!CY275:CY305)/31 -> 0 | J28: 10月 | K28: =SUM('负荷数据&测算'!CW275:CW305)/31 -> 0 | L28: =SUM('负荷数据&测算'!DA275:DA305)/31 -> 0 | N28: 10月 | O28: =SUM('负荷数据&测算'!DB275:DB305)/31 -> 0 | Q28: 10月
F29: 11月 | G29: =SUM('负荷数据&测算'!CU306:CU335)/30 -> 0 | H29: =SUM('负荷数据&测算'!CY306:CY335)/30 -> 0 | J29: 11月 | K29: =SUM('负荷数据&测算'!CW306:CW335)/30 -> 0 | L29: =SUM('负荷数据&测算'!DA306:DA335)/30 -> 0 | N29: 11月 | O29: =SUM('负荷数据&测算'!DB306:DB335)/30 -> 0 | Q29: 11月
F30: 12月 | G30: =SUM('负荷数据&测算'!CU336:CU366)/31 -> 0 | H30: =SUM('负荷数据&测算'!CY336:CY366)/31 -> 0 | J30: 12月 | K30: =SUM('负荷数据&测算'!CW336:CW366)/31 -> 0 | L30: =SUM('负荷数据&测算'!DA336:DA366)/31 -> 0 | N30: 12月 | O30: =SUM('负荷数据&测算'!DB336:DB366)/31 -> 0 | Q30: 12月 | S30: =AVERAGE('负荷数据&测算'!DC336:DC366) -> 0
N31: 年均 | O31: =IFERROR(AVERAGE(O19:O30),"数据不全") -> 0.0053763441 | Q31: 年均
N32: 天数 | O32: =O31/2*365 -> 0.9811828

Sheet 负荷数据&测算
A1: 时间 | B1: 0 | C1: =B1+15/60/24 -> 0.010416667 | D1: =C1+15/60/24 -> 0.020833333 | E1: =D1+15/60/24 -> 0.03125 | F1: =E1+15/60/24 -> 0.041666667 | G1: =F1+15/60/24 -> 0.052083333 | H1: =G1+15/60/24 -> 0.0625 | I1: =H1+15/60/24 -> 0.072916667 | J1: =I1+15/60/24 -> 0.083333333 | ... CS1: =CR1+15/60/24 -> 0.98958333 | CT1: 第一次可充电量 | CU1: 第一次满充率 | CV1: 第一次可放电量 | CW1: 第一次放电率 | CX1: 第二次可充电量 | CY1: 第二次满充率 | CZ1: 第二次可放电量 | DA1: 第二次放电率 | DB1: 充放电次数 | DC1: 第一次放电尖电价比例
A2: 2025-01-01 | B2: 317.6 | C2: 365.6 | D2: 364.8 | E2: 351.2 | F2: 340.8 | G2: 344.8 | H2: 342.4 | I2: 344 | J2: 336 | K2: 320.8 | L2: 312 | M2: 318.4 | N2: 320.8 | O2: 339.2 | P2: 356.8 | Q2: 353.6 | R2: 378.4 | S2: 357.6 | T2: 378.4 | U2: 334.4 | V2: 324 | W2: 331.2 | X2: 336.8 | Y2: 368 | Z2: 346.4 | AA2: 352 | AB2: 378.4 | AC2: 347.2 | AD2: 357.6 | AE2: 357.6 | AF2: 391.2 | AG2: 388 | AH2: 344.8 | AI2: 369.6 | AJ2: 344.8 | AK2: 347.2 | AL2: 356 | AM2: 363.2 | AN2: 432.8 | AO2: 389.6 | AP2: 384.8 | AQ2: 422.4 | AR2: 369.6 | AS2: 352.8 | AT2: 344 | AU2: 348 | AV2: 372.8 | AW2: 352 | AX2: 396.8 | AY2: 376 | AZ2: 369.6 | BA2: 364 | BB2: 314.4 | BC2: 324.8 | BD2: 314.4 | BE2: 322.4 | BF2: 338.4 | BG2: 321.6 | BH2: 334.4 | BI2: 333.6 | BJ2: 357.6 | BK2: 384.8 | BL2: 367.2 | BM2: 379.2 | BN2: 380 | BO2: 376.8 | BP2: 385.6 | BQ2: 368 | BR2: 344 | BS2: 362.4 | BT2: 334.4 | BU2: 340.8 | BV2: 332.8 | BW2: 377.6 | BX2: 366.4 | BY2: 410.4 | BZ2: 399.2 | CA2: 375.2 | CB2: 368 | CC2: 372 | CD2: 373.6 | CE2: 385.6 | CF2: 381.6 | CG2: 355.2 | CH2: 356 | CI2: 353.6 | CJ2: 363.2 | CK2: 324 | CL2: 321.6 | CM2: 327.2 | CN2: 307.2 | CO2: 308 | CP2: 300.8 | CQ2: 323.2 | CR2: 307.2 | CS2: 354.4 | CT2: =IFERROR(('基本数据输入&测算结果'!$C$19*7-AVERAGE(B2:Y2,CP2:CS2)*7-'基本数据输入&测算结果'!$C$23*7)/'基本数据输入&测算结果'!$C$21*'基本数据输入&测算结果'!$C$22,"无数据/数据缺失") -> 5105.0116 | CU2: =IF(CT2<0,0,IF(CT2="无数据/数据缺失",0%,IF(CT2>'基本数据输入&测算结果'!$C$20,100%,CT2/'基本数据输入&测算结果'!$C$20))) -> 1 | CV2: =IFERROR((AVERAGE(Z2:AW2)*6-'基本数据输入&测算结果'!$C$24*6)/'基本数据输入&测算结果'!$C$21/'基本数据输入&测算结果'!$C$22,"无数据/数据缺失") -> 1932.0318 | CW2: =IF(CV2<0,0,IF(CV2="无数据/数据缺失",0%,IF(CV2>'基本数据输入&测算结果'!$C$20*CU2,CU2,CV2/'基本数据输入&测算结果'!$C$20*CU2))) -> 1 | CX2: =IFERROR(('基本数据输入&测算结果'!$C$19*2-AVERAGE(AX2:BE2)*2-'基本数据输入&测算结果'!$C$23*2)/'基本数据输入&测算结果'!$C$21*'基本数据输入&测算结果'!$C$22,"无数据/数据缺失") -> 1442.8276 | CY2: =IF(CX2<0,0,IF(CX2="无数据/数据缺失",0%,IF(CX2>'基本数据输入&测算结果'!$C$20,100%,CX2/'基本数据输入&测算结果'!$C$20))) -> 1 | CZ2: =IFERROR((AVERAGE(BJ2:CO2)*8-'基本数据输入&测算结果'!$C$24*8)/'基本数据输入&测算结果'!$C$21/'基本数据输入&测算结果'!$C$22,"无数据/数据缺失") -> 2512.4126 | DA2: =IF(CZ2<0,0,IF(CZ2="无数据/数据缺失",0,IF('基本数据输入&测算结果'!$C$20*CY2>CZ2,CZ2/'基本数据输入&测算结果'!$C$20*CY2,CY2))) -> 1 | DB2: =MIN(CU2,CW2)+MIN(CY2,DA2) -> 2 | DC2: =IF(DA2=0,0,IF(AVERAGE(BZ2:CG2)*2>'基本数据输入&测算结果'!$C$20*DA2,100%,AVERAGE(BZ2:CG2)*2/('基本数据输入&测算结果'!$C$20*DA2))) -> 1
A3: 2025-01-02 | CT3: =IFERROR(('基本数据输入&测算结果'!$C$19*7-AVERAGE(B3:Y3,CP3:CS3)*7-'基本数据输入&测算结果'!$C$23*7)/'基本数据输入&测算结果'!$C$21*'基本数据输入&测算结果'!$C$22,"无数据/数据缺失") -> 无数据/数据缺失 | CU3: =IF(CT3<0,0,IF(CT3="无数据/数据缺失",0%,IF(CT3>'基本数据输入&测算结果'!$C$20,100%,CT3/'基本数据输入&测算结果'!$C$20))) -> 0 | CV3: =IFERROR((AVERAGE(Z3:AW3)*6-'基本数据输入&测算结果'!$C$24*6)/'基本数据输入&测算结果'!$C$21/'基本数据输入&测算结果'!$C$22,"无数据/数据缺失") -> 无数据/数据缺失 | CW3: =IF(CV3<0,0,IF(CV3="无数据/数据缺失",0%,IF(CV3>'基本数据输入&测算结果'!$C$20*CU3,CU3,CV3/'基本数据输入&测算结果'!$C$20*CU3))) -> 0 | CX3: =IFERROR(('基本数据输入&测算结果'!$C$19*2-AVERAGE(AX3:BE3)*2-'基本数据输入&测算结果'!$C$23*2)/'基本数据输入&测算结果'!$C$21*'基本数据输入&测算结果'!$C$22,"无数据/数据缺失") -> 无数据/数据缺失 | CY3: =IF(CX3<0,0,IF(CX3="无数据/数据缺失",0%,IF(CX3>'基本数据输入&测算结果'!$C$20,100%,CX3/'基本数据输入&测算结果'!$C$20))) -> 0 | CZ3: =IFERROR((AVERAGE(BJ3:CO3)*8-'基本数据输入&测算结果'!$C$24*8)/'基本数据输入&测算结果'!$C$21/'基本数据输入&测算结果'!$C$22,"无数据/数据缺失") -> 无数据/数据缺失 | DA3: =IF(CZ3<0,0,IF(CZ3="无数据/数据缺失",0,IF('基本数据输入&测算结果'!$C$20*CY3>CZ3,CZ3/'基本数据输入&测算结果'!$C$20*CY3,CY3))) -> 0 | DB3: =MIN(CU3,CW3)+MIN(CY3,DA3) -> 0 | DC3: =IF(DA3=0,0,IF(AVERAGE(BZ3:CG3)*2>'基本数据输入&测算结果'!$C$20*DA3,100%,AVERAGE(BZ3:CG3)*2/('基本数据输入&测算结果'!$C$20*DA3))) -> 0
A4: 2025-01-03 | CT4: =IFERROR(('基本数据输入&测算结果'!$C$19*7-AVERAGE(B4:Y4,CP4:CS4)*7-'基本数据输入&测算结果'!$C$23*7)/'基本数据输入&测算结果'!$C$21*'基本数据输入&测算结果'!$C$22,"无数据/数据缺失") -> 无数据/数据缺失 | CU4: =IF(CT4<0,0,IF(CT4="无数据/数据缺失",0%,IF(CT4>'基本数据输入&测算结果'!$C$20,100%,CT4/'基本数据输入&测算结果'!$C$20))) -> 0 | CV4: =IFERROR((AVERAGE(Z4:AW4)*6-'基本数据输入&测算结果'!$C$24*6)/'基本数据输入&测算结果'!$C$21/'基本数据输入&测算结果'!$C$22,"无数据/数据缺失") -> 无数据/数据缺失 | CW4: =IF(CV4<0,0,IF(CV4="无数据/数据缺失",0%,IF(CV4>'基本数据输入&测算结果'!$C$20*CU4,CU4,CV4/'基本数据输入&测算结果'!$C$20*CU4))) -> 0 | CX4: =IFERROR(('基本数据输入&测算结果'!$C$19*2-AVERAGE(AX4:BE4)*2-'基本数据输入&测算结果'!$C$23*2)/'基本数据输入&测算结果'!$C$21*'基本数据输入&测算结果'!$C$22,"无数据/数据缺失") -> 无数据/数据缺失 | CY4: =IF(CX4<0,0,IF(CX4="无数据/数据缺失",0%,IF(CX4>'基本数据输入&测算结果'!$C$20,100%,CX4/'基本数据输入&测算结果'!$C$20))) -> 0 | CZ4: =IFERROR((AVERAGE(BJ4:CO4)*8-'基本数据输入&测算结果'!$C$24*8)/'基本数据输入&测算结果'!$C$21/'基本数据输入&测算结果'!$C$22,"无数据/数据缺失") -> 无数据/数据缺失 | DA4: =IF(CZ4<0,0,IF(CZ4="无数据/数据缺失",0,IF('基本数据输入&测算结果'!$C$20*CY4>CZ4,CZ4/'基本数据输入&测算结果'!$C$20*CY4,CY4))) -> 0 | DB4: =MIN(CU4,CW4)+MIN(CY4,DA4) -> 0 | DC4: =IF(DA4=0,0,IF(AVERAGE(BZ4:CG4)*2>'基本数据输入&测算结果'!$C$20*DA4,100%,AVERAGE(BZ4:CG4)*2/('基本数据输入&测算结果'!$C$20*DA4))) -> 0
A5: 2025-01-04 | CT5: =IFERROR(('基本数据输入&测算结果'!$C$19*7-AVERAGE(B5:Y5,CP5:CS5)*7-'基本数据输入&测算结果'!$C$23*7)/'基本数据输入&测算结果'!$C$21*'基本数据输入&测算结果'!$C$22,"无数据/数据缺失") -> 无数据/数据缺失 | CU5: =IF(CT5<0,0,IF(CT5="无数据/数据缺失",0%,IF(CT5>'基本数据输入&测算结果'!$C$20,100%,CT5/'基本数据输入&测算结果'!$C$20))) -> 0 | CV5: =IFERROR((AVERAGE(Z5:AW5)*6-'基本数据输入&测算结果'!$C$24*6)/'基本数据输入&测算结果'!$C$21/'基本数据输入&测算结果'!$C$22,"无数据/数据缺失") -> 无数据/数据缺失 | CW5: =IF(CV5<0,0,IF(CV5="无数据/数据缺失",0%,IF(CV5>'基本数据输入&测算结果'!$C$20*CU5,CU5,CV5/'基本数据输入&测算结果'!$C$20*CU5))) -> 0 | CX5: =IFERROR(('基本数据输入&测算结果'!$C$19*2-AVERAGE(AX5:BE5)*2-'基本数据输入&测算结果'!$C$23*2)/'基本数据输入&测算结果'!$C$21*'基本数据输入&测算结果'!$C$22,"无数据/数据缺失") -> 无数据/数据缺失 | CY5: =IF(CX5<0,0,IF(CX5="无数据/数据缺失",0%,IF(CX5>'基本数据输入&测算结果'!$C$20,100%,CX5/'基本数据输入&测算结果'!$C$20))) -> 0 | CZ5: =IFERROR((AVERAGE(BJ5:CO5)*8-'基本数据输入&测算结果'!$C$24*8)/'基本数据输入&测算结果'!$C$21/'基本数据输入&测算结果'!$C$22,"无数据/数据缺失") -> 无数据/数据缺失 | DA5: =IF(CZ5<0,0,IF(CZ5="无数据/数据缺失",0,IF('基本数据输入&测算结果'!$C$20*CY5>CZ5,CZ5/'基本数据输入&测算结果'!$C$20*CY5,CY5))) -> 0 | DB5: =MIN(CU5,CW5)+MIN(CY5,DA5) -> 0 | DC5: =IF(DA5=0,0,IF(AVERAGE(BZ5:CG5)*2>'基本数据输入&测算结果'!$C$20*DA5,100%,AVERAGE(BZ5:CG5)*2/('基本数据输入&测算结果'!$C$20*DA5))) -> 0
A6: 2025-01-05 | CT6: =IFERROR(('基本数据输入&测算结果'!$C$19*7-AVERAGE(B6:Y6,CP6:CS6)*7-'基本数据输入&测算结果'!$C$23*7)/'基本数据输入&测算结果'!$C$21*'基本数据输入&测算结果'!$C$22,"无数据/数据缺失") -> 无数据/数据缺失 | CU6: =IF(CT6<0,0,IF(CT6="无数据/数据缺失",0%,IF(CT6>'基本数据输入&测算结果'!$C$20,100%,CT6/'基本数据输入&测算结果'!$C$20))) -> 0 | CV6: =IFERROR((AVERAGE(Z6:AW6)*6-'基本数据输入&测算结果'!$C$24*6)/'基本数据输入&测算结果'!$C$21/'基本数据输入&测算结果'!$C$22,"无数据/数据缺失") -> 无数据/数据缺失 | CW6: =IF(CV6<0,0,IF(CV6="无数据/数据缺失",0%,IF(CV6>'基本数据输入&测算结果'!$C$20*CU6,CU6,CV6/'基本数据输入&测算结果'!$C$20*CU6))) -> 0 | CX6: =IFERROR(('基本数据输入&测算结果'!$C$19*2-AVERAGE(AX6:BE6)*2-'基本数据输入&测算结果'!$C$23*2)/'基本数据输入&测算结果'!$C$21*'基本数据输入&测算结果'!$C$22,"无数据/数据缺失") -> 无数据/数据缺失 | CY6: =IF(CX6<0,0,IF(CX6="无数据/数据缺失",0%,IF(CX6>'基本数据输入&测算结果'!$C$20,100%,CX6/'基本数据输入&测算结果'!$C$20))) -> 0 | CZ6: =IFERROR((AVERAGE(BJ6:CO6)*8-'基本数据输入&测算结果'!$C$24*8)/'基本数据输入&测算结果'!$C$21/'基本数据输入&测算结果'!$C$22,"无数据/数据缺失") -> 无数据/数据缺失 | DA6: =IF(CZ6<0,0,IF(CZ6="无数据/数据缺失",0,IF('基本数据输入&测算结果'!$C$20*CY6>CZ6,CZ6/'基本数据输入&测算结果'!$C$20*CY6,CY6))) -> 0 | DB6: =MIN(CU6,CW6)+MIN(CY6,DA6) -> 0 | DC6: =IF(DA6=0,0,IF(AVERAGE(BZ6:CG6)*2>'基本数据输入&测算结果'!$C$20*DA6,100%,AVERAGE(BZ6:CG6)*2/('基本数据输入&测算结果'!$C$20*DA6))) -> 0
A7: 2025-01-06 | CT7: =IFERROR(('基本数据输入&测算结果'!$C$19*7-AVERAGE(B7:Y7,CP7:CS7)*7-'基本数据输入&测算结果'!$C$23*7)/'基本数据输入&测算结果'!$C$21*'基本数据输入&测算结果'!$C$22,"无数据/数据缺失") -> 无数据/数据缺失 | CU7: =IF(CT7<0,0,IF(CT7="无数据/数据缺失",0%,IF(CT7>'基本数据输入&测算结果'!$C$20,100%,CT7/'基本数据输入&测算结果'!$C$20))) -> 0 | CV7: =IFERROR((AVERAGE(Z7:AW7)*6-'基本数据输入&测算结果'!$C$24*6)/'基本数据输入&测算结果'!$C$21/'基本数据输入&测算结果'!$C$22,"无数据/数据缺失") -> 无数据/数据缺失 | CW7: =IF(CV7<0,0,IF(CV7="无数据/数据缺失",0%,IF(CV7>'基本数据输入&测算结果'!$C$20*CU7,CU7,CV7/'基本数据输入&测算结果'!$C$20*CU7))) -> 0 | CX7: =IFERROR(('基本数据输入&测算结果'!$C$19*2-AVERAGE(AX7:BE7)*2-'基本数据输入&测算结果'!$C$23*2)/'基本数据输入&测算结果'!$C$21*'基本数据输入&测算结果'!$C$22,"无数据/数据缺失") -> 无数据/数据缺失 | CY7: =IF(CX7<0,0,IF(CX7="无数据/数据缺失",0%,IF(CX7>'基本数据输入&测算结果'!$C$20,100%,CX7/'基本数据输入&测算结果'!$C$20))) -> 0 | CZ7: =IFERROR((AVERAGE(BJ7:CO7)*8-'基本数据输入&测算结果'!$C$24*8)/'基本数据输入&测算结果'!$C$21/'基本数据输入&测算结果'!$C$22,"无数据/数据缺失") -> 无数据/数据缺失 | DA7: =IF(CZ7<0,0,IF(CZ7="无数据/数据缺失",0,IF('基本数据输入&测算结果'!$C$20*CY7>CZ7,CZ7/'基本数据输入&测算结果'!$C$20*CY7,CY7))) -> 0 | DB7: =MIN(CU7,CW7)+MIN(CY7,DA7) -> 0 | DC7: =IF(DA7=0,0,IF(AVERAGE(BZ7:CG7)*2>'基本数据输入&测算结果'!$C$20*DA7,100%,AVERAGE(BZ7:CG7)*2/('基本数据输入&测算结果'!$C$20*DA7))) -> 0
A8: 2025-01-07 | CT8: =IFERROR(('基本数据输入&测算结果'!$C$19*7-AVERAGE(B8:Y8,CP8:CS8)*7-'基本数据输入&测算结果'!$C$23*7)/'基本数据输入&测算结果'!$C$21*'基本数据输入&测算结果'!$C$22,"无数据/数据缺失") -> 无数据/数据缺失 | CU8: =IF(CT8<0,0,IF(CT8="无数据/数据缺失",0%,IF(CT8>'基本数据输入&测算结果'!$C$20,100%,CT8/'基本数据输入&测算结果'!$C$20))) -> 0 | CV8: =IFERROR((AVERAGE(Z8:AW8)*6-'基本数据输入&测算结果'!$C$24*6)/'基本数据输入&测算结果'!$C$21/'基本数据输入&测算结果'!$C$22,"无数据/数据缺失") -> 无数据/数据缺失 | CW8: =IF(CV8<0,0,IF(CV8="无数据/数据缺失",0%,IF(CV8>'基本数据输入&测算结果'!$C$20*CU8,CU8,CV8/'基本数据输入&测算结果'!$C$20*CU8))) -> 0 | CX8: =IFERROR(('基本数据输入&测算结果'!$C$19*2-AVERAGE(AX8:BE8)*2-'基本数据输入&测算结果'!$C$23*2)/'基本数据输入&测算结果'!$C$21*'基本数据输入&测算结果'!$C$22,"无数据/数据缺失") -> 无数据/数据缺失 | CY8: =IF(CX8<0,0,IF(CX8="无数据/数据缺失",0%,IF(CX8>'基本数据输入&测算结果'!$C$20,100%,CX8/'基本数据输入&测算结果'!$C$20))) -> 0 | CZ8: =IFERROR((AVERAGE(BJ8:CO8)*8-'基本数据输入&测算结果'!$C$24*8)/'基本数据输入&测算结果'!$C$21/'基本数据输入&测算结果'!$C$22,"无数据/数据缺失") -> 无数据/数据缺失 | DA8: =IF(CZ8<0,0,IF(CZ8="无数据/数据缺失",0,IF('基本数据输入&测算结果'!$C$20*CY8>CZ8,CZ8/'基本数据输入&测算结果'!$C$20*CY8,CY8))) -> 0 | DB8: =MIN(CU8,CW8)+MIN(CY8,DA8) -> 0 | DC8: =IF(DA8=0,0,IF(AVERAGE(BZ8:CG8)*2>'基本数据输入&测算结果'!$C$20*DA8,100%,AVERAGE(BZ8:CG8)*2/('基本数据输入&测算结果'!$C$20*DA8))) -> 0
A9: 2025-01-08 | CT9: =IFERROR(('基本数据输入&测算结果'!$C$19*7-AVERAGE(B9:Y9,CP9:CS9)*7-'基本数据输入&测算结果'!$C$23*7)/'基本数据输入&测算结果'!$C$21*'基本数据输入&测算结果'!$C$22,"无数据/数据缺失") -> 无数据/数据缺失 | CU9: =IF(CT9<0,0,IF(CT9="无数据/数据缺失",0%,IF(CT9>'基本数据输入&测算结果'!$C$20,100%,CT9/'基本数据输入&测算结果'!$C$20))) -> 0 | CV9: =IFERROR((AVERAGE(Z9:AW9)*6-'基本数据输入&测算结果'!$C$24*6)/'基本数据输入&测算结果'!$C$21/'基本数据输入&测算结果'!$C$22,"无数据/数据缺失") -> 无数据/数据缺失 | CW9: =IF(CV9<0,0,IF(CV9="无数据/数据缺失",0%,IF(CV9>'基本数据输入&测算结果'!$C$20*CU9,CU9,CV9/'基本数据输入&测算结果'!$C$20*CU9))) -> 0 | CX9: =IFERROR(('基本数据输入&测算结果'!$C$19*2-AVERAGE(AX9:BE9)*2-'基本数据输入&测算结果'!$C$23*2)/'基本数据输入&测算结果'!$C$21*'基本数据输入&测算结果'!$C$22,"无数据/数据缺失") -> 无数据/数据缺失 | CY9: =IF(CX9<0,0,IF(CX9="无数据/数据缺失",0%,IF(CX9>'基本数据输入&测算结果'!$C$20,100%,CX9/'基本数据输入&测算结果'!$C$20))) -> 0 | CZ9: =IFERROR((AVERAGE(BJ9:CO9)*8-'基本数据输入&测算结果'!$C$24*8)/'基本数据输入&测算结果'!$C$21/'基本数据输入&测算结果'!$C$22,"无数据/数据缺失") -> 无数据/数据缺失 | DA9: =IF(CZ9<0,0,IF(CZ9="无数据/数据缺失",0,IF('基本数据输入&测算结果'!$C$20*CY9>CZ9,CZ9/'基本数据输入&测算结果'!$C$20*CY9,CY9))) -> 0 | DB9: =MIN(CU9,CW9)+MIN(CY9,DA9) -> 0 | DC9: =IF(DA9=0,0,IF(AVERAGE(BZ9:CG9)*2>'基本数据输入&测算结果'!$C$20*DA9,100%,AVERAGE(BZ9:CG9)*2/('基本数据输入&测算结果'!$C$20*DA9))) -> 0
A10: 2025-01-09 | CT10: =IFERROR(('基本数据输入&测算结果'!$C$19*7-AVERAGE(B10:Y10,CP10:CS10)*7-'基本数据输入&测算结果'!$C$23*7)/'基本数据输入&测算结果'!$C$21*'基本数据输入&测算结果'!$C$22,"无数据/数据缺失") -> 无数据/数据缺失 | CU10: =IF(CT10<0,0,IF(CT10="无数据/数据缺失",0%,IF(CT10>'基本数据输入&测算结果'!$C$20,100%,CT10/'基本数据输入&测算结果'!$C$20))) -> 0 | CV10: =IFERROR((AVERAGE(Z10:AW10)*6-'基本数据输入&测算结果'!$C$24*6)/'基本数据输入&测算结果'!$C$21/'基本数据输入&测算结果'!$C$22,"无数据/数据缺失") -> 无数据/数据缺失 | CW10: =IF(CV10<0,0,IF(CV10="无数据/数据缺失",0%,IF(CV10>'基本数据输入&测算结果'!$C$20*CU10,CU10,CV10/'基本数据输入&测算结果'!$C$20*CU10))) -> 0 | CX10: =IFERROR(('基本数据输入&测算结果'!$C$19*2-AVERAGE(AX10:BE10)*2-'基本数据输入&测算结果'!$C$23*2)/'基本数据输入&测算结果'!$C$21*'基本数据输入&测算结果'!$C$22,"无数据/数据缺失") -> 无数据/数据缺失 | CY10: =IF(CX10<0,0,IF(CX10="无数据/数据缺失",0%,IF(CX10>'基本数据输入&测算结果'!$C$20,100%,CX10/'基本数据输入&测算结果'!$C$20))) -> 0 | CZ10: =IFERROR((AVERAGE(BJ10:CO10)*8-'基本数据输入&测算结果'!$C$24*8)/'基本数据输入&测算结果'!$C$21/'基本数据输入&测算结果'!$C$22,"无数据/数据缺失") -> 无数据/数据缺失 | DA10: =IF(CZ10<0,0,IF(CZ10="无数据/数据缺失",0,IF('基本数据输入&测算结果'!$C$20*CY10>CZ10,CZ10/'基本数据输入&测算结果'!$C$20*CY10,CY10))) -> 0 | DB10: =MIN(CU10,CW10)+MIN(CY10,DA10) -> 0 | DC10: =IF(DA10=0,0,IF(AVERAGE(BZ10:CG10)*2>'基本数据输入&测算结果'!$C$20*DA10,100%,AVERAGE(BZ10:CG10)*2/('基本数据输入&测算结果'!$C$20*DA10))) -> 0
A11: 2025-01-10 | CT11: =IFERROR(('基本数据输入&测算结果'!$C$19*7-AVERAGE(B11:Y11,CP11:CS11)*7-'基本数据输入&测算结果'!$C$23*7)/'基本数据输入&测算结果'!$C$21*'基本数据输入&测算结果'!$C$22,"无数据/数据缺失") -> 无数据/数据缺失 | CU11: =IF(CT11<0,0,IF(CT11="无数据/数据缺失",0%,IF(CT11>'基本数据输入&测算结果'!$C$20,100%,CT11/'基本数据输入&测算结果'!$C$20))) -> 0 | CV11: =IFERROR((AVERAGE(Z11:AW11)*6-'基本数据输入&测算结果'!$C$24*6)/'基本数据输入&测算结果'!$C$21/'基本数据输入&测算结果'!$C$22,"无数据/数据缺失") -> 无数据/数据缺失 | CW11: =IF(CV11<0,0,IF(CV11="无数据/数据缺失",0%,IF(CV11>'基本数据输入&测算结果'!$C$20*CU11,CU11,CV11/'基本数据输入&测算结果'!$C$20*CU11))) -> 0 | CX11: =IFERROR(('基本数据输入&测算结果'!$C$19*2-AVERAGE(AX11:BE11)*2-'基本数据输入&测算结果'!$C$23*2)/'基本数据输入&测算结果'!$C$21*'基本数据输入&测算结果'!$C$22,"无数据/数据缺失") -> 无数据/数据缺失 | CY11: =IF(CX11<0,0,IF(CX11="无数据/数据缺失",0%,IF(CX11>'基本数据输入&测算结果'!$C$20,100%,CX11/'基本数据输入&测算结果'!$C$20))) -> 0 | CZ11: =IFERROR((AVERAGE(BJ11:CO11)*8-'基本数据输入&测算结果'!$C$24*8)/'基本数据输入&测算结果'!$C$21/'基本数据输入&测算结果'!$C$22,"无数据/数据缺失") -> 无数据/数据缺失 | DA11: =IF(CZ11<0,0,IF(CZ11="无数据/数据缺失",0,IF('基本数据输入&测算结果'!$C$20*CY11>CZ11,CZ11/'基本数据输入&测算结果'!$C$20*CY11,CY11))) -> 0 | DB11: =MIN(CU11,CW11)+MIN(CY11,DA11) -> 0 | DC11: =IF(DA11=0,0,IF(AVERAGE(BZ11:CG11)*2>'基本数据输入&测算结果'!$C$20*DA11,100%,AVERAGE(BZ11:CG11)*2/('基本数据输入&测算结果'!$C$20*DA11))) -> 0
A12: 2025-01-11 | CT12: =IFERROR(('基本数据输入&测算结果'!$C$19*7-AVERAGE(B12:Y12,CP12:CS12)*7-'基本数据输入&测算结果'!$C$23*7)/'基本数据输入&测算结果'!$C$21*'基本数据输入&测算结果'!$C$22,"无数据/数据缺失") -> 无数据/数据缺失 | CU12: =IF(CT12<0,0,IF(CT12="无数据/数据缺失",0%,IF(CT12>'基本数据输入&测算结果'!$C$20,100%,CT12/'基本数据输入&测算结果'!$C$20))) -> 0 | CV12: =IFERROR((AVERAGE(Z12:AW12)*6-'基本数据输入&测算结果'!$C$24*6)/'基本数据输入&测算结果'!$C$21/'基本数据输入&测算结果'!$C$22,"无数据/数据缺失") -> 无数据/数据缺失 | CW12: =IF(CV12<0,0,IF(CV12="无数据/数据缺失",0%,IF(CV12>'基本数据输入&测算结果'!$C$20*CU12,CU12,CV12/'基本数据输入&测算结果'!$C$20*CU12))) -> 0 | CX12: =IFERROR(('基本数据输入&测算结果'!$C$19*2-AVERAGE(AX12:BE12)*2-'基本数据输入&测算结果'!$C$23*2)/'基本数据输入&测算结果'!$C$21*'基本数据输入&测算结果'!$C$22,"无数据/数据缺失") -> 无数据/数据缺失 | CY12: =IF(CX12<0,0,IF(CX12="无数据/数据缺失",0%,IF(CX12>'基本数据输入&测算结果'!$C$20,100%,CX12/'基本数据输入&测算结果'!$C$20))) -> 0 | CZ12: =IFERROR((AVERAGE(BJ12:CO12)*8-'基本数据输入&测算结果'!$C$24*8)/'基本数据输入&测算结果'!$C$21/'基本数据输入&测算结果'!$C$22,"无数据/数据缺失") -> 无数据/数据缺失 | DA12: =IF(CZ12<0,0,IF(CZ12="无数据/数据缺失",0,IF('基本数据输入&测算结果'!$C$20*CY12>CZ12,CZ12/'基本数据输入&测算结果'!$C$20*CY12,CY12))) -> 0 | DB12: =MIN(CU12,CW12)+MIN(CY12,DA12) -> 0 | DC12: =IF(DA12=0,0,IF(AVERAGE(BZ12:CG12)*2>'基本数据输入&测算结果'!$C$20*DA12,100%,AVERAGE(BZ12:CG12)*2/('基本数据输入&测算结果'!$C$20*DA12))) -> 0
A13: 2025-01-12 | CT13: =IFERROR(('基本数据输入&测算结果'!$C$19*7-AVERAGE(B13:Y13,CP13:CS13)*7-'基本数据输入&测算结果'!$C$23*7)/'基本数据输入&测算结果'!$C$21*'基本数据输入&测算结果'!$C$22,"无数据/数据缺失") -> 无数据/数据缺失 | CU13: =IF(CT13<0,0,IF(CT13="无数据/数据缺失",0%,IF(CT13>'基本数据输入&测算结果'!$C$20,100%,CT13/'基本数据输入&测算结果'!$C$20))) -> 0 | CV13: =IFERROR((AVERAGE(Z13:AW13)*6-'基本数据输入&测算结果'!$C$24*6)/'基本数据输入&测算结果'!$C$21/'基本数据输入&测算结果'!$C$22,"无数据/数据缺失") -> 无数据/数据缺失 | CW13: =IF(CV13<0,0,IF(CV13="无数据/数据缺失",0%,IF(CV13>'基本数据输入&测算结果'!$C$20*CU13,CU13,CV13/'基本数据输入&测算结果'!$C$20*CU13))) -> 0 | CX13: =IFERROR(('基本数据输入&测算结果'!$C$19*2-AVERAGE(AX13:BE13)*2-'基本数据输入&测算结果'!$C$23*2)/'基本数据输入&测算结果'!$C$21*'基本数据输入&测算结果'!$C$22,"无数据/数据缺失") -> 无数据/数据缺失 | CY13: =IF(CX13<0,0,IF(CX13="无数据/数据缺失",0%,IF(CX13>'基本数据输入&测算结果'!$C$20,100%,CX13/'基本数据输入&测算结果'!$C$20))) -> 0 | CZ13: =IFERROR((AVERAGE(BJ13:CO13)*8-'基本数据输入&测算结果'!$C$24*8)/'基本数据输入&测算结果'!$C$21/'基本数据输入&测算结果'!$C$22,"无数据/数据缺失") -> 无数据/数据缺失 | DA13: =IF(CZ13<0,0,IF(CZ13="无数据/数据缺失",0,IF('基本数据输入&测算结果'!$C$20*CY13>CZ13,CZ13/'基本数据输入&测算结果'!$C$20*CY13,CY13))) -> 0 | DB13: =MIN(CU13,CW13)+MIN(CY13,DA13) -> 0 | DC13: =IF(DA13=0,0,IF(AVERAGE(BZ13:CG13)*2>'基本数据输入&测算结果'!$C$20*DA13,100%,AVERAGE(BZ13:CG13)*2/('基本数据输入&测算结果'!$C$20*DA13))) -> 0
A14: 2025-01-13 | CT14: =IFERROR(('基本数据输入&测算结果'!$C$19*7-AVERAGE(B14:Y14,CP14:CS14)*7-'基本数据输入&测算结果'!$C$23*7)/'基本数据输入&测算结果'!$C$21*'基本数据输入&测算结果'!$C$22,"无数据/数据缺失") -> 无数据/数据缺失 | CU14: =IF(CT14<0,0,IF(CT14="无数据/数据缺失",0%,IF(CT14>'基本数据输入&测算结果'!$C$20,100%,CT14/'基本数据输入&测算结果'!$C$20))) -> 0 | CV14: =IFERROR((AVERAGE(Z14:AW14)*6-'基本数据输入&测算结果'!$C$24*6)/'基本数据输入&测算结果'!$C$21/'基本数据输入&测算结果'!$C$22,"无数据/数据缺失") -> 无数据/数据缺失 | CW14: =IF(CV14<0,0,IF(CV14="无数据/数据缺失",0%,IF(CV14>'基本数据输入&测算结果'!$C$20*CU14,CU14,CV14/'基本数据输入&测算结果'!$C$20*CU14))) -> 0 | CX14: =IFERROR(('基本数据输入&测算结果'!$C$19*2-AVERAGE(AX14:BE14)*2-'基本数据输入&测算结果'!$C$23*2)/'基本数据输入&测算结果'!$C$21*'基本数据输入&测算结果'!$C$22,"无数据/数据缺失") -> 无数据/数据缺失 | CY14: =IF(CX14<0,0,IF(CX14="无数据/数据缺失",0%,IF(CX14>'基本数据输入&测算结果'!$C$20,100%,CX14/'基本数据输入&测算结果'!$C$20))) -> 0 | CZ14: =IFERROR((AVERAGE(BJ14:CO14)*8-'基本数据输入&测算结果'!$C$24*8)/'基本数据输入&测算结果'!$C$21/'基本数据输入&测算结果'!$C$22,"无数据/数据缺失") -> 无数据/数据缺失 | DA14: =IF(CZ14<0,0,IF(CZ14="无数据/数据缺失",0,IF('基本数据输入&测算结果'!$C$20*CY14>CZ14,CZ14/'基本数据输入&测算结果'!$C$20*CY14,CY14))) -> 0 | DB14: =MIN(CU14,CW14)+MIN(CY14,DA14) -> 0 | DC14: =IF(DA14=0,0,IF(AVERAGE(BZ14:CG14)*2>'基本数据输入&测算结果'!$C$20*DA14,100%,AVERAGE(BZ14:CG14)*2/('基本数据输入&测算结果'!$C$20*DA14))) -> 0
... A32: 2025-01-31 | CT32: =IFERROR(('基本数据输入&测算结果'!$C$19*7-AVERAGE(B32:Y32,CP32:CS32)*7-'基本数据输入&测算结果'!$C$23*7)/'基本数据输入&测算结果'!$C$21*'基本数据输入&测算结果'!$C$22,"无数据/数据缺失") -> 无数据/数据缺失 | CU32: =IF(CT32<0,0,IF(CT32="无数据/数据缺失",0%,IF(CT32>'基本数据输入&测算结果'!$C$20,100%,CT32/'基本数据输入&测算结果'!$C$20))) -> 0 | CV32: =IFERROR((AVERAGE(Z32:AW32)*6-'基本数据输入&测算结果'!$C$24*6)/'基本数据输入&测算结果'!$C$21/'基本数据输入&测算结果'!$C$22,"无数据/数据缺失") -> 无数据/数据缺失 | CW32: =IF(CV32<0,0,IF(CV32="无数据/数据缺失",0%,IF(CV32>'基本数据输入&测算结果'!$C$20*CU32,CU32,CV32/'基本数据输入&测算结果'!$C$20*CU32))) -> 0 | CX32: =IFERROR(('基本数据输入&测算结果'!$C$19*2-AVERAGE(AX32:BE32)*2-'基本数据输入&测算结果'!$C$23*2)/'基本数据输入&测算结果'!$C$21*'基本数据输入&测算结果'!$C$22,"无数据/数据缺失") -> 无数据/数据缺失 | CY32: =IF(CX32<0,0,IF(CX32="无数据/数据缺失",0%,IF(CX32>'基本数据输入&测算结果'!$C$20,100%,CX32/'基本数据输入&测算结果'!$C$20))) -> 0 | CZ32: =IFERROR((AVERAGE(BJ32:CO32)*8-'基本数据输入&测算结果'!$C$24*8)/'基本数据输入&测算结果'!$C$21/'基本数据输入&测算结果'!$C$22,"无数据/数据缺失") -> 无数据/数据缺失 | DA32: =IF(CZ32<0,0,IF(CZ32="无数据/数据缺失",0,IF('基本数据输入&测算结果'!$C$20*CY32>CZ32,CZ32/'基本数据输入&测算结果'!$C$20*CY32,CY32))) -> 0 | DB32: =MIN(CU32,CW32)+MIN(CY32,DA32) -> 0 | DC32: =IF(DA32=0,0,IF(AVERAGE(BZ32:CG32)*2>'基本数据输入&测算结果'!$C$20*DA32,100%,AVERAGE(BZ32:CG32)*2/('基本数据输入&测算结果'!$C$20*DA32))) -> 0
A33: 2025-02-01 | CT33: =IFERROR(('基本数据输入&测算结果'!$C$19*7-AVERAGE(B33:Y33,CP33:CS33)*7-'基本数据输入&测算结果'!$C$23*7)/'基本数据输入&测算结果'!$C$21*'基本数据输入&测算结果'!$C$22,"无数据/数据缺失") -> 无数据/数据缺失 | CU33: =IF(CT33<0,0,IF(CT33="无数据/数据缺失",0%,IF(CT33>'基本数据输入&测算结果'!$C$20,100%,CT33/'基本数据输入&测算结果'!$C$20))) -> 0 | CV33: =IFERROR((AVERAGE(Z33:AG33)*2-'基本数据输入&测算结果'!$C$24*2)/'基本数据输入&测算结果'!$C$21/'基本数据输入&测算结果'!$C$22,"无数据/数据缺失") -> 无数据/数据缺失 | CW33: =IF(CV33<0,0,IF(CV33="无数据/数据缺失",0%,IF(CV33>'基本数据输入&测算结果'!$C$20*CU33,CU33,CV33/'基本数据输入&测算结果'!$C$20*CU33))) -> 0 | CX33: =IFERROR(('基本数据输入&测算结果'!$C$19*3-AVERAGE(AT33:BE33)*3-'基本数据输入&测算结果'!$C$23*3)/'基本数据输入&测算结果'!$C$21*'基本数据输入&测算结果'!$C$22,"无数据/数据缺失") -> 无数据/数据缺失 | CY33: =IF(CX33<0,0,IF(CX33="无数据/数据缺失",0%,IF(CX33>'基本数据输入&测算结果'!$C$20,100%,CX33/'基本数据输入&测算结果'!$C$20))) -> 0 | CZ33: =IFERROR((AVERAGE(BN33:CK33)*6-'基本数据输入&测算结果'!$C$24*6)/'基本数据输入&测算结果'!$C$21/'基本数据输入&测算结果'!$C$22,"无数据/数据缺失") -> 无数据/数据缺失 | DA33: =IF(CZ33<0,0,IF(CZ33="无数据/数据缺失",0,IF('基本数据输入&测算结果'!$C$20*CY33>CZ33,CZ33/'基本数据输入&测算结果'!$C$20*CY33,CY33))) -> 0 | DB33: =MIN(CU33,CW33)+MIN(CY33,DA33) -> 0
A34: 2025-02-02 | CT34: =IFERROR(('基本数据输入&测算结果'!$C$19*7-AVERAGE(B34:Y34,CP34:CS34)*7-'基本数据输入&测算结果'!$C$23*7)/'基本数据输入&测算结果'!$C$21*'基本数据输入&测算结果'!$C$22,"无数据/数据缺失") -> 无数据/数据缺失 | CU34: =IF(CT34<0,0,IF(CT34="无数据/数据缺失",0%,IF(CT34>'基本数据输入&测算结果'!$C$20,100%,CT34/'基本数据输入&测算结果'!$C$20))) -> 0 | CV34: =IFERROR((AVERAGE(Z34:AG34)*2-'基本数据输入&测算结果'!$C$24*2)/'基本数据输入&测算结果'!$C$21/'基本数据输入&测算结果'!$C$22,"无数据/数据缺失") -> 无数据/数据缺失 | CW34: =IF(CV34<0,0,IF(CV34="无数据/数据缺失",0%,IF(CV34>'基本数据输入&测算结果'!$C$20*CU34,CU34,CV34/'基本数据输入&测算结果'!$C$20*CU34))) -> 0 | CX34: =IFERROR(('基本数据输入&测算结果'!$C$19*3-AVERAGE(AT34:BE34)*3-'基本数据输入&测算结果'!$C$23*3)/'基本数据输入&测算结果'!$C$21*'基本数据输入&测算结果'!$C$22,"无数据/数据缺失") -> 无数据/数据缺失 | CY34: =IF(CX34<0,0,IF(CX34="无数据/数据缺失",0%,IF(CX34>'基本数据输入&测算结果'!$C$20,100%,CX34/'基本数据输入&测算结果'!$C$20))) -> 0 | CZ34: =IFERROR((AVERAGE(BN34:CK34)*6-'基本数据输入&测算结果'!$C$24*6)/'基本数据输入&测算结果'!$C$21/'基本数据输入&测算结果'!$C$22,"无数据/数据缺失") -> 无数据/数据缺失 | DA34: =IF(CZ34<0,0,IF(CZ34="无数据/数据缺失",0,IF('基本数据输入&测算结果'!$C$20*CY34>CZ34,CZ34/'基本数据输入&测算结果'!$C$20*CY34,CY34))) -> 0 | DB34: =MIN(CU34,CW34)+MIN(CY34,DA34) -> 0
A35: 2025-02-03 | CT35: =IFERROR(('基本数据输入&测算结果'!$C$19*7-AVERAGE(B35:Y35,CP35:CS35)*7-'基本数据输入&测算结果'!$C$23*7)/'基本数据输入&测算结果'!$C$21*'基本数据输入&测算结果'!$C$22,"无数据/数据缺失") -> 无数据/数据缺失 | CU35: =IF(CT35<0,0,IF(CT35="无数据/数据缺失",0%,IF(CT35>'基本数据输入&测算结果'!$C$20,100%,CT35/'基本数据输入&测算结果'!$C$20))) -> 0 | CV35: =IFERROR((AVERAGE(Z35:AG35)*2-'基本数据输入&测算结果'!$C$24*2)/'基本数据输入&测算结果'!$C$21/'基本数据输入&测算结果'!$C$22,"无数据/数据缺失") -> 无数据/数据缺失 | CW35: =IF(CV35<0,0,IF(CV35="无数据/数据缺失",0%,IF(CV35>'基本数据输入&测算结果'!$C$20*CU35,CU35,CV35/'基本数据输入&测算结果'!$C$20*CU35))) -> 0 | CX35: =IFERROR(('基本数据输入&测算结果'!$C$19*3-AVERAGE(AT35:BE35)*3-'基本数据输入&测算结果'!$C$23*3)/'基本数据输入&测算结果'!$C$21*'基本数据输入&测算结果'!$C$22,"无数据/数据缺失") -> 无数据/数据缺失 | CY35: =IF(CX35<0,0,IF(CX35="无数据/数据缺失",0%,IF(CX35>'基本数据输入&测算结果'!$C$20,100%,CX35/'基本数据输入&测算结果'!$C$20))) -> 0 | CZ35: =IFERROR((AVERAGE(BN35:CK35)*6-'基本数据输入&测算结果'!$C$24*6)/'基本数据输入&测算结果'!$C$21/'基本数据输入&测算结果'!$C$22,"无数据/数据缺失") -> 无数据/数据缺失 | DA35: =IF(CZ35<0,0,IF(CZ35="无数据/数据缺失",0,IF('基本数据输入&测算结果'!$C$20*CY35>CZ35,CZ35/'基本数据输入&测算结果'!$C$20*CY35,CY35))) -> 0 | DB35: =MIN(CU35,CW35)+MIN(CY35,DA35) -> 0
A36: 2025-02-04 | CT36: =IFERROR(('基本数据输入&测算结果'!$C$19*7-AVERAGE(B36:Y36,CP36:CS36)*7-'基本数据输入&测算结果'!$C$23*7)/'基本数据输入&测算结果'!$C$21*'基本数据输入&测算结果'!$C$22,"无数据/数据缺失") -> 无数据/数据缺失 | CU36: =IF(CT36<0,0,IF(CT36="无数据/数据缺失",0%,IF(CT36>'基本数据输入&测算结果'!$C$20,100%,CT36/'基本数据输入&测算结果'!$C$20))) -> 0 | CV36: =IFERROR((AVERAGE(Z36:AG36)*2-'基本数据输入&测算结果'!$C$24*2)/'基本数据输入&测算结果'!$C$21/'基本数据输入&测算结果'!$C$22,"无数据/数据缺失") -> 无数据/数据缺失 | CW36: =IF(CV36<0,0,IF(CV36="无数据/数据缺失",0%,IF(CV36>'基本数据输入&测算结果'!$C$20*CU36,CU36,CV36/'基本数据输入&测算结果'!$C$20*CU36))) -> 0 | CX36: =IFERROR(('基本数据输入&测算结果'!$C$19*3-AVERAGE(AT36:BE36)*3-'基本数据输入&测算结果'!$C$23*3)/'基本数据输入&测算结果'!$C$21*'基本数据输入&测算结果'!$C$22,"无数据/数据缺失") -> 无数据/数据缺失 | CY36: =IF(CX36<0,0,IF(CX36="无数据/数据缺失",0%,IF(CX36>'基本数据输入&测算结果'!$C$20,100%,CX36/'基本数据输入&测算结果'!$C$20))) -> 0 | CZ36: =IFERROR((AVERAGE(BN36:CK36)*6-'基本数据输入&测算结果'!$C$24*6)/'基本数据输入&测算结果'!$C$21/'基本数据输入&测算结果'!$C$22,"无数据/数据缺失") -> 无数据/数据缺失 | DA36: =IF(CZ36<0,0,IF(CZ36="无数据/数据缺失",0,IF('基本数据输入&测算结果'!$C$20*CY36>CZ36,CZ36/'基本数据输入&测算结果'!$C$20*CY36,CY36))) -> 0 | DB36: =MIN(CU36,CW36)+MIN(CY36,DA36) -> 0
A37: 2025-02-05 | CT37: =IFERROR(('基本数据输入&测算结果'!$C$19*7-AVERAGE(B37:Y37,CP37:CS37)*7-'基本数据输入&测算结果'!$C$23*7)/'基本数据输入&测算结果'!$C$21*'基本数据输入&测算结果'!$C$22,"无数据/数据缺失") -> 无数据/数据缺失 | CU37: =IF(CT37<0,0,IF(CT37="无数据/数据缺失",0%,IF(CT37>'基本数据输入&测算结果'!$C$20,100%,CT37/'基本数据输入&测算结果'!$C$20))) -> 0 | CV37: =IFERROR((AVERAGE(Z37:AG37)*2-'基本数据输入&测算结果'!$C$24*2)/'基本数据输入&测算结果'!$C$21/'基本数据输入&测算结果'!$C$22,"无数据/数据缺失") -> 无数据/数据缺失 | CW37: =IF(CV37<0,0,IF(CV37="无数据/数据缺失",0%,IF(CV37>'基本数据输入&测算结果'!$C$20*CU37,CU37,CV37/'基本数据输入&测算结果'!$C$20*CU37))) -> 0 | CX37: =IFERROR(('基本数据输入&测算结果'!$C$19*3-AVERAGE(AT37:BE37)*3-'基本数据输入&测算结果'!$C$23*3)/'基本数据输入&测算结果'!$C$21*'基本数据输入&测算结果'!$C$22,"无数据/数据缺失") -> 无数据/数据缺失 | CY37: =IF(CX37<0,0,IF(CX37="无数据/数据缺失",0%,IF(CX37>'基本数据输入&测算结果'!$C$20,100%,CX37/'基本数据输入&测算结果'!$C$20))) -> 0 | CZ37: =IFERROR((AVERAGE(BN37:CK37)*6-'基本数据输入&测算结果'!$C$24*6)/'基本数据输入&测算结果'!$C$21/'基本数据输入&测算结果'!$C$22,"无数据/数据缺失") -> 无数据/数据缺失 | DA37: =IF(CZ37<0,0,IF(CZ37="无数据/数据缺失",0,IF('基本数据输入&测算结果'!$C$20*CY37>CZ37,CZ37/'基本数据输入&测算结果'!$C$20*CY37,CY37))) -> 0 | DB37: =MIN(CU37,CW37)+MIN(CY37,DA37) -> 0
A38: 2025-02-06 | CT38: =IFERROR(('基本数据输入&测算结果'!$C$19*7-AVERAGE(B38:Y38,CP38:CS38)*7-'基本数据输入&测算结果'!$C$23*7)/'基本数据输入&测算结果'!$C$21*'基本数据输入&测算结果'!$C$22,"无数据/数据缺失") -> 无数据/数据缺失 | CU38: =IF(CT38<0,0,IF(CT38="无数据/数据缺失",0%,IF(CT38>'基本数据输入&测算结果'!$C$20,100%,CT38/'基本数据输入&测算结果'!$C$20))) -> 0 | CV38: =IFERROR((AVERAGE(Z38:AG38)*2-'基本数据输入&测算结果'!$C$24*2)/'基本数据输入&测算结果'!$C$21/'基本数据输入&测算结果'!$C$22,"无数据/数据缺失") -> 无数据/数据缺失 | CW38: =IF(CV38<0,0,IF(CV38="无数据/数据缺失",0%,IF(CV38>'基本数据输入&测算结果'!$C$20*CU38,CU38,CV38/'基本数据输入&测算结果'!$C$20*CU38))) -> 0 | CX38: =IFERROR(('基本数据输入&测算结果'!$C$19*3-AVERAGE(AT38:BE38)*3-'基本数据输入&测算结果'!$C$23*3)/'基本数据输入&测算结果'!$C$21*'基本数据输入&测算结果'!$C$22,"无数据/数据缺失") -> 无数据/数据缺失 | CY38: =IF(CX38<0,0,IF(CX38="无数据/数据缺失",0%,IF(CX38>'基本数据输入&测算结果'!$C$20,100%,CX38/'基本数据输入&测算结果'!$C$20))) -> 0 | CZ38: =IFERROR((AVERAGE(BN38:CK38)*6-'基本数据输入&测算结果'!$C$24*6)/'基本数据输入&测算结果'!$C$21/'基本数据输入&测算结果'!$C$22,"无数据/数据缺失") -> 无数据/数据缺失 | DA38: =IF(CZ38<0,0,IF(CZ38="无数据/数据缺失",0,IF('基本数据输入&测算结果'!$C$20*CY38>CZ38,CZ38/'基本数据输入&测算结果'!$C$20*CY38,CY38))) -> 0 | DB38: =MIN(CU38,CW38)+MIN(CY38,DA38) -> 0
A39: 2025-02-07 | CT39: =IFERROR(('基本数据输入&测算结果'!$C$19*7-AVERAGE(B39:Y39,CP39:CS39)*7-'基本数据输入&测算结果'!$C$23*7)/'基本数据输入&测算结果'!$C$21*'基本数据输入&测算结果'!$C$22,"无数据/数据缺失") -> 无数据/数据缺失 | CU39: =IF(CT39<0,0,IF(CT39="无数据/数据缺失",0%,IF(CT39>'基本数据输入&测算结果'!$C$20,100%,CT39/'基本数据输入&测算结果'!$C$20))) -> 0 | CV39: =IFERROR((AVERAGE(Z39:AG39)*2-'基本数据输入&测算结果'!$C$24*2)/'基本数据输入&测算结果'!$C$21/'基本数据输入&测算结果'!$C$22,"无数据/数据缺失") -> 无数据/数据缺失 | CW39: =IF(CV39<0,0,IF(CV39="无数据/数据缺失",0%,IF(CV39>'基本数据输入&测算结果'!$C$20*CU39,CU39,CV39/'基本数据输入&测算结果'!$C$20*CU39))) -> 0 | CX39: =IFERROR(('基本数据输入&测算结果'!$C$19*3-AVERAGE(AT39:BE39)*3-'基本数据输入&测算结果'!$C$23*3)/'基本数据输入&测算结果'!$C$21*'基本数据输入&测算结果'!$C$22,"无数据/数据缺失") -> 无数据/数据缺失 | CY39: =IF(CX39<0,0,IF(CX39="无数据/数据缺失",0%,IF(CX39>'基本数据输入&测算结果'!$C$20,100%,CX39/'基本数据输入&测算结果'!$C$20))) -> 0 | CZ39: =IFERROR((AVERAGE(BN39:CK39)*6-'基本数据输入&测算结果'!$C$24*6)/'基本数据输入&测算结果'!$C$21/'基本数据输入&测算结果'!$C$22,"无数据/数据缺失") -> 无数据/数据缺失 | DA39: =IF(CZ39<0,0,IF(CZ39="无数据/数据缺失",0,IF('基本数据输入&测算结果'!$C$20*CY39>CZ39,CZ39/'基本数据输入&测算结果'!$C$20*CY39,CY39))) -> 0 | DB39: =MIN(CU39,CW39)+MIN(CY39,DA39) -> 0
A40: 2025-02-08 | CT40: =IFERROR(('基本数据输入&测算结果'!$C$19*7-AVERAGE(B40:Y40,CP40:CS40)*7-'基本数据输入&测算结果'!$C$23*7)/'基本数据输入&测算结果'!$C$21*'基本数据输入&测算结果'!$C$22,"无数据/数据缺失") -> 无数据/数据缺失 | CU40: =IF(CT40<0,0,IF(CT40="无数据/数据缺失",0%,IF(CT40>'基本数据输入&测算结果'!$C$20,100%,CT40/'基本数据输入&测算结果'!$C$20))) -> 0 | CV40: =IFERROR((AVERAGE(Z40:AG40)*2-'基本数据输入&测算结果'!$C$24*2)/'基本数据输入&测算结果'!$C$21/'基本数据输入&测算结果'!$C$22,"无数据/数据缺失") -> 无数据/数据缺失 | CW40: =IF(CV40<0,0,IF(CV40="无数据/数据缺失",0%,IF(CV40>'基本数据输入&测算结果'!$C$20*CU40,CU40,CV40/'基本数据输入&测算结果'!$C$20*CU40))) -> 0 | CX40: =IFERROR(('基本数据输入&测算结果'!$C$19*3-AVERAGE(AT40:BE40)*3-'基本数据输入&测算结果'!$C$23*3)/'基本数据输入&测算结果'!$C$21*'基本数据输入&测算结果'!$C$22,"无数据/数据缺失") -> 无数据/数据缺失 | CY40: =IF(CX40<0,0,IF(CX40="无数据/数据缺失",0%,IF(CX40>'基本数据输入&测算结果'!$C$20,100%,CX40/'基本数据输入&测算结果'!$C$20))) -> 0 | CZ40: =IFERROR((AVERAGE(BN40:CK40)*6-'基本数据输入&测算结果'!$C$24*6)/'基本数据输入&测算结果'!$C$21/'基本数据输入&测算结果'!$C$22,"无数据/数据缺失") -> 无数据/数据缺失 | DA40: =IF(CZ40<0,0,IF(CZ40="无数据/数据缺失",0,IF('基本数据输入&测算结果'!$C$20*CY40>CZ40,CZ40/'基本数据输入&测算结果'!$C$20*CY40,CY40))) -> 0 | DB40: =MIN(CU40,CW40)+MIN(CY40,DA40) -> 0
A41: 2025-02-09 | CT41: =IFERROR(('基本数据输入&测算结果'!$C$19*7-AVERAGE(B41:Y41,CP41:CS41)*7-'基本数据输入&测算结果'!$C$23*7)/'基本数据输入&测算结果'!$C$21*'基本数据输入&测算结果'!$C$22,"无数据/数据缺失") -> 无数据/数据缺失 | CU41: =IF(CT41<0,0,IF(CT41="无数据/数据缺失",0%,IF(CT41>'基本数据输入&测算结果'!$C$20,100%,CT41/'基本数据输入&测算结果'!$C$20))) -> 0 | CV41: =IFERROR((AVERAGE(Z41:AG41)*2-'基本数据输入&测算结果'!$C$24*2)/'基本数据输入&测算结果'!$C$21/'基本数据输入&测算结果'!$C$22,"无数据/数据缺失") -> 无数据/数据缺失 | CW41: =IF(CV41<0,0,IF(CV41="无数据/数据缺失",0%,IF(CV41>'基本数据输入&测算结果'!$C$20*CU41,CU41,CV41/'基本数据输入&测算结果'!$C$20*CU41))) -> 0 | CX41: =IFERROR(('基本数据输入&测算结果'!$C$19*3-AVERAGE(AT41:BE41)*3-'基本数据输入&测算结果'!$C$23*3)/'基本数据输入&测算结果'!$C$21*'基本数据输入&测算结果'!$C$22,"无数据/数据缺失") -> 无数据/数据缺失 | CY41: =IF(CX41<0,0,IF(CX41="无数据/数据缺失",0%,IF(CX41>'基本数据输入&测算结果'!$C$20,100%,CX41/'基本数据输入&测算结果'!$C$20))) -> 0 | CZ41: =IFERROR((AVERAGE(BN41:CK41)*6-'基本数据输入&测算结果'!$C$24*6)/'基本数据输入&测算结果'!$C$21/'基本数据输入&测算结果'!$C$22,"无数据/数据缺失") -> 无数据/数据缺失 | DA41: =IF(CZ41<0,0,IF(CZ41="无数据/数据缺失",0,IF('基本数据输入&测算结果'!$C$20*CY41>CZ41,CZ41/'基本数据输入&测算结果'!$C$20*CY41,CY41))) -> 0 | DB41: =MIN(CU41,CW41)+MIN(CY41,DA41) -> 0
A42: 2025-02-10 | CT42: =IFERROR(('基本数据输入&测算结果'!$C$19*7-AVERAGE(B42:Y42,CP42:CS42)*7-'基本数据输入&测算结果'!$C$23*7)/'基本数据输入&测算结果'!$C$21*'基本数据输入&测算结果'!$C$22,"无数据/数据缺失") -> 无数据/数据缺失 | CU42: =IF(CT42<0,0,IF(CT42="无数据/数据缺失",0%,IF(CT42>'基本数据输入&测算结果'!$C$20,100%,CT42/'基本数据输入&测算结果'!$C$20))) -> 0 | CV42: =IFERROR((AVERAGE(Z42:AG42)*2-'基本数据输入&测算结果'!$C$24*2)/'基本数据输入&测算结果'!$C$21/'基本数据输入&测算结果'!$C$22,"无数据/数据缺失") -> 无数据/数据缺失 | CW42: =IF(CV42<0,0,IF(CV42="无数据/数据缺失",0%,IF(CV42>'基本数据输入&测算结果'!$C$20*CU42,CU42,CV42/'基本数据输入&测算结果'!$C$20*CU42))) -> 0 | CX42: =IFERROR(('基本数据输入&测算结果'!$C$19*3-AVERAGE(AT42:BE42)*3-'基本数据输入&测算结果'!$C$23*3)/'基本数据输入&测算结果'!$C$21*'基本数据输入&测算结果'!$C$22,"无数据/数据缺失") -> 无数据/数据缺失 | CY42: =IF(CX42<0,0,IF(CX42="无数据/数据缺失",0%,IF(CX42>'基本数据输入&测算结果'!$C$20,100%,CX42/'基本数据输入&测算结果'!$C$20))) -> 0 | CZ42: =IFERROR((AVERAGE(BN42:CK42)*6-'基本数据输入&测算结果'!$C$24*6)/'基本数据输入&测算结果'!$C$21/'基本数据输入&测算结果'!$C$22,"无数据/数据缺失") -> 无数据/数据缺失 | DA42: =IF(CZ42<0,0,IF(CZ42="无数据/数据缺失",0,IF('基本数据输入&测算结果'!$C$20*CY42>CZ42,CZ42/'基本数据输入&测算结果'!$C$20*CY42,CY42))) -> 0 | DB42: =MIN(CU42,CW42)+MIN(CY42,DA42) -> 0
A43: 2025-02-11 | CT43: =IFERROR(('基本数据输入&测算结果'!$C$19*7-AVERAGE(B43:Y43,CP43:CS43)*7-'基本数据输入&测算结果'!$C$23*7)/'基本数据输入&测算结果'!$C$21*'基本数据输入&测算结果'!$C$22,"无数据/数据缺失") -> 无数据/数据缺失 | CU43: =IF(CT43<0,0,IF(CT43="无数据/数据缺失",0%,IF(CT43>'基本数据输入&测算结果'!$C$20,100%,CT43/'基本数据输入&测算结果'!$C$20))) -> 0 | CV43: =IFERROR((AVERAGE(Z43:AG43)*2-'基本数据输入&测算结果'!$C$24*2)/'基本数据输入&测算结果'!$C$21/'基本数据输入&测算结果'!$C$22,"无数据/数据缺失") -> 无数据/数据缺失 | CW43: =IF(CV43<0,0,IF(CV43="无数据/数据缺失",0%,IF(CV43>'基本数据输入&测算结果'!$C$20*CU43,CU43,CV43/'基本数据输入&测算结果'!$C$20*CU43))) -> 0 | CX43: =IFERROR(('基本数据输入&测算结果'!$C$19*3-AVERAGE(AT43:BE43)*3-'基本数据输入&测算结果'!$C$23*3)/'基本数据输入&测算结果'!$C$21*'基本数据输入&测算结果'!$C$22,"无数据/数据缺失") -> 无数据/数据缺失 | CY43: =IF(CX43<0,0,IF(CX43="无数据/数据缺失",0%,IF(CX43>'基本数据输入&测算结果'!$C$20,100%,CX43/'基本数据输入&测算结果'!$C$20))) -> 0 | CZ43: =IFERROR((AVERAGE(BN43:CK43)*6-'基本数据输入&测算结果'!$C$24*6)/'基本数据输入&测算结果'!$C$21/'基本数据输入&测算结果'!$C$22,"无数据/数据缺失") -> 无数据/数据缺失 | DA43: =IF(CZ43<0,0,IF(CZ43="无数据/数据缺失",0,IF('基本数据输入&测算结果'!$C$20*CY43>CZ43,CZ43/'基本数据输入&测算结果'!$C$20*CY43,CY43))) -> 0 | DB43: =MIN(CU43,CW43)+MIN(CY43,DA43) -> 0
A44: 2025-02-12 | CT44: =IFERROR(('基本数据输入&测算结果'!$C$19*7-AVERAGE(B44:Y44,CP44:CS44)*7-'基本数据输入&测算结果'!$C$23*7)/'基本数据输入&测算结果'!$C$21*'基本数据输入&测算结果'!$C$22,"无数据/数据缺失") -> 无数据/数据缺失 | CU44: =IF(CT44<0,0,IF(CT44="无数据/数据缺失",0%,IF(CT44>'基本数据输入&测算结果'!$C$20,100%,CT44/'基本数据输入&测算结果'!$C$20))) -> 0 | CV44: =IFERROR((AVERAGE(Z44:AG44)*2-'基本数据输入&测算结果'!$C$24*2)/'基本数据输入&测算结果'!$C$21/'基本数据输入&测算结果'!$C$22,"无数据/数据缺失") -> 无数据/数据缺失 | CW44: =IF(CV44<0,0,IF(CV44="无数据/数据缺失",0%,IF(CV44>'基本数据输入&测算结果'!$C$20*CU44,CU44,CV44/'基本数据输入&测算结果'!$C$20*CU44))) -> 0 | CX44: =IFERROR(('基本数据输入&测算结果'!$C$19*3-AVERAGE(AT44:BE44)*3-'基本数据输入&测算结果'!$C$23*3)/'基本数据输入&测算结果'!$C$21*'基本数据输入&测算结果'!$C$22,"无数据/数据缺失") -> 无数据/数据缺失 | CY44: =IF(CX44<0,0,IF(CX44="无数据/数据缺失",0%,IF(CX44>'基本数据输入&测算结果'!$C$20,100%,CX44/'基本数据输入&测算结果'!$C$20))) -> 0 | CZ44: =IFERROR((AVERAGE(BN44:CK44)*6-'基本数据输入&测算结果'!$C$24*6)/'基本数据输入&测算结果'!$C$21/'基本数据输入&测算结果'!$C$22,"无数据/数据缺失") -> 无数据/数据缺失 | DA44: =IF(CZ44<0,0,IF(CZ44="无数据/数据缺失",0,IF('基本数据输入&测算结果'!$C$20*CY44>CZ44,CZ44/'基本数据输入&测算结果'!$C$20*CY44,CY44))) -> 0 | DB44: =MIN(CU44,CW44)+MIN(CY44,DA44) -> 0
... A182: 2025-06-30 | CT182: =IFERROR(('基本数据输入&测算结果'!$C$19*7-AVERAGE(B182:Y182,CP182:CS182)*7-'基本数据输入&测算结果'!$C$23*7)/'基本数据输入&测算结果'!$C$21*'基本数据输入&测算结果'!$C$22,"无数据/数据缺失") -> 无数据/数据缺失 | CU182: =IF(CT182<0,0,IF(CT182="无数据/数据缺失",0%,IF(CT182>'基本数据输入&测算结果'!$C$20,100%,CT182/'基本数据输入&测算结果'!$C$20))) -> 0 | CV182: =IFERROR((AVERAGE(Z182:AG182)*2-'基本数据输入&测算结果'!$C$24*2)/'基本数据输入&测算结果'!$C$21/'基本数据输入&测算结果'!$C$22,"无数据/数据缺失") -> 无数据/数据缺失 | CW182: =IF(CV182<0,0,IF(CV182="无数据/数据缺失",0%,IF(CV182>'基本数据输入&测算结果'!$C$20*CU182,CU182,CV182/'基本数据输入&测算结果'!$C$20*CU182))) -> 0 | CX182: =IFERROR(('基本数据输入&测算结果'!$C$19*3-AVERAGE(AT182:BE182)*3-'基本数据输入&测算结果'!$C$23*3)/'基本数据输入&测算结果'!$C$21*'基本数据输入&测算结果'!$C$22,"无数据/数据缺失") -> 无数据/数据缺失 | CY182: =IF(CX182<0,0,IF(CX182="无数据/数据缺失",0%,IF(CX182>'基本数据输入&测算结果'!$C$20,100%,CX182/'基本数据输入&测算结果'!$C$20))) -> 0 | CZ182: =IFERROR((AVERAGE(BN182:CK182)*6-'基本数据输入&测算结果'!$C$24*6)/'基本数据输入&测算结果'!$C$21/'基本数据输入&测算结果'!$C$22,"无数据/数据缺失") -> 无数据/数据缺失 | DA182: =IF(CZ182<0,0,IF(CZ182="无数据/数据缺失",0,IF('基本数据输入&测算结果'!$C$20*CY182>CZ182,CZ182/'基本数据输入&测算结果'!$C$20*CY182,CY182))) -> 0 | DB182: =MIN(CU182,CW182)+MIN(CY182,DA182) -> 0
A183: 2025-07-01 | CT183: =IFERROR(('基本数据输入&测算结果'!$C$19*7-AVERAGE(J183:AK183)*7-'基本数据输入&测算结果'!$C$23*7)/'基本数据输入&测算结果'!$C$21*'基本数据输入&测算结果'!$C$22,"无数据/数据缺失") -> 无数据/数据缺失 | CU183: =IF(CT183<0,0,IF(CT183="无数据/数据缺失",0%,IF(CT183>'基本数据输入&测算结果'!$C$20,100%,CT183/'基本数据输入&测算结果'!$C$20))) -> 0 | CV183: =IFERROR((AVERAGE(AL183:AS183)*2-'基本数据输入&测算结果'!$C$24*2)/'基本数据输入&测算结果'!$C$21/'基本数据输入&测算结果'!$C$22,"无数据/数据缺失") -> 无数据/数据缺失 | CW183: =IF(CV183<0,0,IF(CV183="无数据/数据缺失",0%,IF(CV183>'基本数据输入&测算结果'!$C$20*CU183,CU183,CV183/'基本数据输入&测算结果'!$C$20*CU183))) -> 0 | CX183: =IFERROR(('基本数据输入&测算结果'!$C$19*2-AVERAGE(AT183:BA183)*2-'基本数据输入&测算结果'!$C$23*2)/'基本数据输入&测算结果'!$C$21*'基本数据输入&测算结果'!$C$22,"无数据/数据缺失") -> 无数据/数据缺失 | CY183: =IF(CX183<0,0,IF(CX183="无数据/数据缺失",0%,IF(CX183>'基本数据输入&测算结果'!$C$20,100%,CX183/'基本数据输入&测算结果'!$C$20))) -> 0 | CZ183: =IFERROR((AVERAGE(BN183:CS183)*8-'基本数据输入&测算结果'!$C$24*8)/'基本数据输入&测算结果'!$C$21/'基本数据输入&测算结果'!$C$22,"无数据/数据缺失") -> 无数据/数据缺失 | DA183: =IF(CZ183<0,0,IF(CZ183="无数据/数据缺失",0,IF('基本数据输入&测算结果'!$C$20*CY183>CZ183,CZ183/'基本数据输入&测算结果'!$C$20*CY183,CY183))) -> 0 | DB183: =MIN(CU183,CW183)+MIN(CY183,DA183) -> 0
A184: 2025-07-02 | CT184: =IFERROR(('基本数据输入&测算结果'!$C$19*7-AVERAGE(J184:AK184)*7-'基本数据输入&测算结果'!$C$23*7)/'基本数据输入&测算结果'!$C$21*'基本数据输入&测算结果'!$C$22,"无数据/数据缺失") -> 无数据/数据缺失 | CU184: =IF(CT184<0,0,IF(CT184="无数据/数据缺失",0%,IF(CT184>'基本数据输入&测算结果'!$C$20,100%,CT184/'基本数据输入&测算结果'!$C$20))) -> 0 | CV184: =IFERROR((AVERAGE(AL184:AS184)*2-'基本数据输入&测算结果'!$C$24*2)/'基本数据输入&测算结果'!$C$21/'基本数据输入&测算结果'!$C$22,"无数据/数据缺失") -> 无数据/数据缺失 | CW184: =IF(CV184<0,0,IF(CV184="无数据/数据缺失",0%,IF(CV184>'基本数据输入&测算结果'!$C$20*CU184,CU184,CV184/'基本数据输入&测算结果'!$C$20*CU184))) -> 0 | CX184: =IFERROR(('基本数据输入&测算结果'!$C$19*2-AVERAGE(AT184:BA184)*2-'基本数据输入&测算结果'!$C$23*2)/'基本数据输入&测算结果'!$C$21*'基本数据输入&测算结果'!$C$22,"无数据/数据缺失") -> 无数据/数据缺失 | CY184: =IF(CX184<0,0,IF(CX184="无数据/数据缺失",0%,IF(CX184>'基本数据输入&测算结果'!$C$20,100%,CX184/'基本数据输入&测算结果'!$C$20))) -> 0 | CZ184: =IFERROR((AVERAGE(BN184:CS184)*8-'基本数据输入&测算结果'!$C$24*8)/'基本数据输入&测算结果'!$C$21/'基本数据输入&测算结果'!$C$22,"无数据/数据缺失") -> 无数据/数据缺失 | DA184: =IF(CZ184<0,0,IF(CZ184="无数据/数据缺失",0,IF('基本数据输入&测算结果'!$C$20*CY184>CZ184,CZ184/'基本数据输入&测算结果'!$C$20*CY184,CY184))) -> 0 | DB184: =MIN(CU184,CW184)+MIN(CY184,DA184) -> 0
A185: 2025-07-03 | CT185: =IFERROR(('基本数据输入&测算结果'!$C$19*7-AVERAGE(J185:AK185)*7-'基本数据输入&测算结果'!$C$23*7)/'基本数据输入&测算结果'!$C$21*'基本数据输入&测算结果'!$C$22,"无数据/数据缺失") -> 无数据/数据缺失 | CU185: =IF(CT185<0,0,IF(CT185="无数据/数据缺失",0%,IF(CT185>'基本数据输入&测算结果'!$C$20,100%,CT185/'基本数据输入&测算结果'!$C$20))) -> 0 | CV185: =IFERROR((AVERAGE(AL185:AS185)*2-'基本数据输入&测算结果'!$C$24*2)/'基本数据输入&测算结果'!$C$21/'基本数据输入&测算结果'!$C$22,"无数据/数据缺失") -> 无数据/数据缺失 | CW185: =IF(CV185<0,0,IF(CV185="无数据/数据缺失",0%,IF(CV185>'基本数据输入&测算结果'!$C$20*CU185,CU185,CV185/'基本数据输入&测算结果'!$C$20*CU185))) -> 0 | CX185: =IFERROR(('基本数据输入&测算结果'!$C$19*2-AVERAGE(AT185:BA185)*2-'基本数据输入&测算结果'!$C$23*2)/'基本数据输入&测算结果'!$C$21*'基本数据输入&测算结果'!$C$22,"无数据/数据缺失") -> 无数据/数据缺失 | CY185: =IF(CX185<0,0,IF(CX185="无数据/数据缺失",0%,IF(CX185>'基本数据输入&测算结果'!$C$20,100%,CX185/'基本数据输入&测算结果'!$C$20))) -> 0 | CZ185: =IFERROR((AVERAGE(BN185:CS185)*8-'基本数据输入&测算结果'!$C$24*8)/'基本数据输入&测算结果'!$C$21/'基本数据输入&测算结果'!$C$22,"无数据/数据缺失") -> 无数据/数据缺失 | DA185: =IF(CZ185<0,0,IF(CZ185="无数据/数据缺失",0,IF('基本数据输入&测算结果'!$C$20*CY185>CZ185,CZ185/'基本数据输入&测算结果'!$C$20*CY185,CY185))) -> 0 | DB185: =MIN(CU185,CW185)+MIN(CY185,DA185) -> 0
A186: 2025-07-04 | CT186: =IFERROR(('基本数据输入&测算结果'!$C$19*7-AVERAGE(J186:AK186)*7-'基本数据输入&测算结果'!$C$23*7)/'基本数据输入&测算结果'!$C$21*'基本数据输入&测算结果'!$C$22,"无数据/数据缺失") -> 无数据/数据缺失 | CU186: =IF(CT186<0,0,IF(CT186="无数据/数据缺失",0%,IF(CT186>'基本数据输入&测算结果'!$C$20,100%,CT186/'基本数据输入&测算结果'!$C$20))) -> 0 | CV186: =IFERROR((AVERAGE(AL186:AS186)*2-'基本数据输入&测算结果'!$C$24*2)/'基本数据输入&测算结果'!$C$21/'基本数据输入&测算结果'!$C$22,"无数据/数据缺失") -> 无数据/数据缺失 | CW186: =IF(CV186<0,0,IF(CV186="无数据/数据缺失",0%,IF(CV186>'基本数据输入&测算结果'!$C$20*CU186,CU186,CV186/'基本数据输入&测算结果'!$C$20*CU186))) -> 0 | CX186: =IFERROR(('基本数据输入&测算结果'!$C$19*2-AVERAGE(AT186:BA186)*2-'基本数据输入&测算结果'!$C$23*2)/'基本数据输入&测算结果'!$C$21*'基本数据输入&测算结果'!$C$22,"无数据/数据缺失") -> 无数据/数据缺失 | CY186: =IF(CX186<0,0,IF(CX186="无数据/数据缺失",0%,IF(CX186>'基本数据输入&测算结果'!$C$20,100%,CX186/'基本数据输入&测算结果'!$C$20))) -> 0 | CZ186: =IFERROR((AVERAGE(BN186:CS186)*8-'基本数据输入&测算结果'!$C$24*8)/'基本数据输入&测算结果'!$C$21/'基本数据输入&测算结果'!$C$22,"无数据/数据缺失") -> 无数据/数据缺失 | DA186: =IF(CZ186<0,0,IF(CZ186="无数据/数据缺失",0,IF('基本数据输入&测算结果'!$C$20*CY186>CZ186,CZ186/'基本数据输入&测算结果'!$C$20*CY186,CY186))) -> 0 | DB186: =MIN(CU186,CW186)+MIN(CY186,DA186) -> 0
A187: 2025-07-05 | CT187: =IFERROR(('基本数据输入&测算结果'!$C$19*7-AVERAGE(J187:AK187)*7-'基本数据输入&测算结果'!$C$23*7)/'基本数据输入&测算结果'!$C$21*'基本数据输入&测算结果'!$C$22,"无数据/数据缺失") -> 无数据/数据缺失 | CU187: =IF(CT187<0,0,IF(CT187="无数据/数据缺失",0%,IF(CT187>'基本数据输入&测算结果'!$C$20,100%,CT187/'基本数据输入&测算结果'!$C$20))) -> 0 | CV187: =IFERROR((AVERAGE(AL187:AS187)*2-'基本数据输入&测算结果'!$C$24*2)/'基本数据输入&测算结果'!$C$21/'基本数据输入&测算结果'!$C$22,"无数据/数据缺失") -> 无数据/数据缺失 | CW187: =IF(CV187<0,0,IF(CV187="无数据/数据缺失",0%,IF(CV187>'基本数据输入&测算结果'!$C$20*CU187,CU187,CV187/'基本数据输入&测算结果'!$C$20*CU187))) -> 0 | CX187: =IFERROR(('基本数据输入&测算结果'!$C$19*2-AVERAGE(AT187:BA187)*2-'基本数据输入&测算结果'!$C$23*2)/'基本数据输入&测算结果'!$C$21*'基本数据输入&测算结果'!$C$22,"无数据/数据缺失") -> 无数据/数据缺失 | CY187: =IF(CX187<0,0,IF(CX187="无数据/数据缺失",0%,IF(CX187>'基本数据输入&测算结果'!$C$20,100%,CX187/'基本数据输入&测算结果'!$C$20))) -> 0 | CZ187: =IFERROR((AVERAGE(BN187:CS187)*8-'基本数据输入&测算结果'!$C$24*8)/'基本数据输入&测算结果'!$C$21/'基本数据输入&测算结果'!$C$22,"无数据/数据缺失") -> 无数据/数据缺失 | DA187: =IF(CZ187<0,0,IF(CZ187="无数据/数据缺失",0,IF('基本数据输入&测算结果'!$C$20*CY187>CZ187,CZ187/'基本数据输入&测算结果'!$C$20*CY187,CY187))) -> 0 | DB187: =MIN(CU187,CW187)+MIN(CY187,DA187) -> 0
A188: 2025-07-06 | CT188: =IFERROR(('基本数据输入&测算结果'!$C$19*7-AVERAGE(J188:AK188)*7-'基本数据输入&测算结果'!$C$23*7)/'基本数据输入&测算结果'!$C$21*'基本数据输入&测算结果'!$C$22,"无数据/数据缺失") -> 无数据/数据缺失 | CU188: =IF(CT188<0,0,IF(CT188="无数据/数据缺失",0%,IF(CT188>'基本数据输入&测算结果'!$C$20,100%,CT188/'基本数据输入&测算结果'!$C$20))) -> 0 | CV188: =IFERROR((AVERAGE(AL188:AS188)*2-'基本数据输入&测算结果'!$C$24*2)/'基本数据输入&测算结果'!$C$21/'基本数据输入&测算结果'!$C$22,"无数据/数据缺失") -> 无数据/数据缺失 | CW188: =IF(CV188<0,0,IF(CV188="无数据/数据缺失",0%,IF(CV188>'基本数据输入&测算结果'!$C$20*CU188,CU188,CV188/'基本数据输入&测算结果'!$C$20*CU188))) -> 0 | CX188: =IFERROR(('基本数据输入&测算结果'!$C$19*2-AVERAGE(AT188:BA188)*2-'基本数据输入&测算结果'!$C$23*2)/'基本数据输入&测算结果'!$C$21*'基本数据输入&测算结果'!$C$22,"无数据/数据缺失") -> 无数据/数据缺失 | CY188: =IF(CX188<0,0,IF(CX188="无数据/数据缺失",0%,IF(CX188>'基本数据输入&测算结果'!$C$20,100%,CX188/'基本数据输入&测算结果'!$C$20))) -> 0 | CZ188: =IFERROR((AVERAGE(BN188:CS188)*8-'基本数据输入&测算结果'!$C$24*8)/'基本数据输入&测算结果'!$C$21/'基本数据输入&测算结果'!$C$22,"无数据/数据缺失") -> 无数据/数据缺失 | DA188: =IF(CZ188<0,0,IF(CZ188="无数据/数据缺失",0,IF('基本数据输入&测算结果'!$C$20*CY188>CZ188,CZ188/'基本数据输入&测算结果'!$C$20*CY188,CY188))) -> 0 | DB188: =MIN(CU188,CW188)+MIN(CY188,DA188) -> 0
A189: 2025-07-07 | CT189: =IFERROR(('基本数据输入&测算结果'!$C$19*7-AVERAGE(J189:AK189)*7-'基本数据输入&测算结果'!$C$23*7)/'基本数据输入&测算结果'!$C$21*'基本数据输入&测算结果'!$C$22,"无数据/数据缺失") -> 无数据/数据缺失 | CU189: =IF(CT189<0,0,IF(CT189="无数据/数据缺失",0%,IF(CT189>'基本数据输入&测算结果'!$C$20,100%,CT189/'基本数据输入&测算结果'!$C$20))) -> 0 | CV189: =IFERROR((AVERAGE(AL189:AS189)*2-'基本数据输入&测算结果'!$C$24*2)/'基本数据输入&测算结果'!$C$21/'基本数据输入&测算结果'!$C$22,"无数据/数据缺失") -> 无数据/数据缺失 | CW189: =IF(CV189<0,0,IF(CV189="无数据/数据缺失",0%,IF(CV189>'基本数据输入&测算结果'!$C$20*CU189,CU189,CV189/'基本数据输入&测算结果'!$C$20*CU189))) -> 0 | CX189: =IFERROR(('基本数据输入&测算结果'!$C$19*2-AVERAGE(AT189:BA189)*2-'基本数据输入&测算结果'!$C$23*2)/'基本数据输入&测算结果'!$C$21*'基本数据输入&测算结果'!$C$22,"无数据/数据缺失") -> 无数据/数据缺失 | CY189: =IF(CX189<0,0,IF(CX189="无数据/数据缺失",0%,IF(CX189>'基本数据输入&测算结果'!$C$20,100%,CX189/'基本数据输入&测算结果'!$C$20))) -> 0 | CZ189: =IFERROR((AVERAGE(BN189:CS189)*8-'基本数据输入&测算结果'!$C$24*8)/'基本数据输入&测算结果'!$C$21/'基本数据输入&测算结果'!$C$22,"无数据/数据缺失") -> 无数据/数据缺失 | DA189: =IF(CZ189<0,0,IF(CZ189="无数据/数据缺失",0,IF('基本数据输入&测算结果'!$C$20*CY189>CZ189,CZ189/'基本数据输入&测算结果'!$C$20*CY189,CY189))) -> 0 | DB189: =MIN(CU189,CW189)+MIN(CY189,DA189) -> 0
A190: 2025-07-08 | CT190: =IFERROR(('基本数据输入&测算结果'!$C$19*7-AVERAGE(J190:AK190)*7-'基本数据输入&测算结果'!$C$23*7)/'基本数据输入&测算结果'!$C$21*'基本数据输入&测算结果'!$C$22,"无数据/数据缺失") -> 无数据/数据缺失 | CU190: =IF(CT190<0,0,IF(CT190="无数据/数据缺失",0%,IF(CT190>'基本数据输入&测算结果'!$C$20,100%,CT190/'基本数据输入&测算结果'!$C$20))) -> 0 | CV190: =IFERROR((AVERAGE(AL190:AS190)*2-'基本数据输入&测算结果'!$C$24*2)/'基本数据输入&测算结果'!$C$21/'基本数据输入&测算结果'!$C$22,"无数据/数据缺失") -> 无数据/数据缺失 | CW190: =IF(CV190<0,0,IF(CV190="无数据/数据缺失",0%,IF(CV190>'基本数据输入&测算结果'!$C$20*CU190,CU190,CV190/'基本数据输入&测算结果'!$C$20*CU190))) -> 0 | CX190: =IFERROR(('基本数据输入&测算结果'!$C$19*2-AVERAGE(AT190:BA190)*2-'基本数据输入&测算结果'!$C$23*2)/'基本数据输入&测算结果'!$C$21*'基本数据输入&测算结果'!$C$22,"无数据/数据缺失") -> 无数据/数据缺失 | CY190: =IF(CX190<0,0,IF(CX190="无数据/数据缺失",0%,IF(CX190>'基本数据输入&测算结果'!$C$20,100%,CX190/'基本数据输入&测算结果'!$C$20))) -> 0 | CZ190: =IFERROR((AVERAGE(BN190:CS190)*8-'基本数据输入&测算结果'!$C$24*8)/'基本数据输入&测算结果'!$C$21/'基本数据输入&测算结果'!$C$22,"无数据/数据缺失") -> 无数据/数据缺失 | DA190: =IF(CZ190<0,0,IF(CZ190="无数据/数据缺失",0,IF('基本数据输入&测算结果'!$C$20*CY190>CZ190,CZ190/'基本数据输入&测算结果'!$C$20*CY190,CY190))) -> 0 | DB190: =MIN(CU190,CW190)+MIN(CY190,DA190) -> 0
A191: 2025-07-09 | CT191: =IFERROR(('基本数据输入&测算结果'!$C$19*7-AVERAGE(J191:AK191)*7-'基本数据输入&测算结果'!$C$23*7)/'基本数据输入&测算结果'!$C$21*'基本数据输入&测算结果'!$C$22,"无数据/数据缺失") -> 无数据/数据缺失 | CU191: =IF(CT191<0,0,IF(CT191="无数据/数据缺失",0%,IF(CT191>'基本数据输入&测算结果'!$C$20,100%,CT191/'基本数据输入&测算结果'!$C$20))) -> 0 | CV191: =IFERROR((AVERAGE(AL191:AS191)*2-'基本数据输入&测算结果'!$C$24*2)/'基本数据输入&测算结果'!$C$21/'基本数据输入&测算结果'!$C$22,"无数据/数据缺失") -> 无数据/数据缺失 | CW191: =IF(CV191<0,0,IF(CV191="无数据/数据缺失",0%,IF(CV191>'基本数据输入&测算结果'!$C$20*CU191,CU191,CV191/'基本数据输入&测算结果'!$C$20*CU191))) -> 0 | CX191: =IFERROR(('基本数据输入&测算结果'!$C$19*2-AVERAGE(AT191:BA191)*2-'基本数据输入&测算结果'!$C$23*2)/'基本数据输入&测算结果'!$C$21*'基本数据输入&测算结果'!$C$22,"无数据/数据缺失") -> 无数据/数据缺失 | CY191: =IF(CX191<0,0,IF(CX191="无数据/数据缺失",0%,IF(CX191>'基本数据输入&测算结果'!$C$20,100%,CX191/'基本数据输入&测算结果'!$C$20))) -> 0 | CZ191: =IFERROR((AVERAGE(BN191:CS191)*8-'基本数据输入&测算结果'!$C$24*8)/'基本数据输入&测算结果'!$C$21/'基本数据输入&测算结果'!$C$22,"无数据/数据缺失") -> 无数据/数据缺失 | DA191: =IF(CZ191<0,0,IF(CZ191="无数据/数据缺失",0,IF('基本数据输入&测算结果'!$C$20*CY191>CZ191,CZ191/'基本数据输入&测算结果'!$C$20*CY191,CY191))) -> 0 | DB191: =MIN(CU191,CW191)+MIN(CY191,DA191) -> 0
A192: 2025-07-10 | CT192: =IFERROR(('基本数据输入&测算结果'!$C$19*7-AVERAGE(J192:AK192)*7-'基本数据输入&测算结果'!$C$23*7)/'基本数据输入&测算结果'!$C$21*'基本数据输入&测算结果'!$C$22,"无数据/数据缺失") -> 无数据/数据缺失 | CU192: =IF(CT192<0,0,IF(CT192="无数据/数据缺失",0%,IF(CT192>'基本数据输入&测算结果'!$C$20,100%,CT192/'基本数据输入&测算结果'!$C$20))) -> 0 | CV192: =IFERROR((AVERAGE(AL192:AS192)*2-'基本数据输入&测算结果'!$C$24*2)/'基本数据输入&测算结果'!$C$21/'基本数据输入&测算结果'!$C$22,"无数据/数据缺失") -> 无数据/数据缺失 | CW192: =IF(CV192<0,0,IF(CV192="无数据/数据缺失",0%,IF(CV192>'基本数据输入&测算结果'!$C$20*CU192,CU192,CV192/'基本数据输入&测算结果'!$C$20*CU192))) -> 0 | CX192: =IFERROR(('基本数据输入&测算结果'!$C$19*2-AVERAGE(AT192:BA192)*2-'基本数据输入&测算结果'!$C$23*2)/'基本数据输入&测算结果'!$C$21*'基本数据输入&测算结果'!$C$22,"无数据/数据缺失") -> 无数据/数据缺失 | CY192: =IF(CX192<0,0,IF(CX192="无数据/数据缺失",0%,IF(CX192>'基本数据输入&测算结果'!$C$20,100%,CX192/'基本数据输入&测算结果'!$C$20))) -> 0 | CZ192: =IFERROR((AVERAGE(BN192:CS192)*8-'基本数据输入&测算结果'!$C$24*8)/'基本数据输入&测算结果'!$C$21/'基本数据输入&测算结果'!$C$22,"无数据/数据缺失") -> 无数据/数据缺失 | DA192: =IF(CZ192<0,0,IF(CZ192="无数据/数据缺失",0,IF('基本数据输入&测算结果'!$C$20*CY192>CZ192,CZ192/'基本数据输入&测算结果'!$C$20*CY192,CY192))) -> 0 | DB192: =MIN(CU192,CW192)+MIN(CY192,DA192) -> 0
A193: 2025-07-11 | CT193: =IFERROR(('基本数据输入&测算结果'!$C$19*7-AVERAGE(J193:AK193)*7-'基本数据输入&测算结果'!$C$23*7)/'基本数据输入&测算结果'!$C$21*'基本数据输入&测算结果'!$C$22,"无数据/数据缺失") -> 无数据/数据缺失 | CU193: =IF(CT193<0,0,IF(CT193="无数据/数据缺失",0%,IF(CT193>'基本数据输入&测算结果'!$C$20,100%,CT193/'基本数据输入&测算结果'!$C$20))) -> 0 | CV193: =IFERROR((AVERAGE(AL193:AS193)*2-'基本数据输入&测算结果'!$C$24*2)/'基本数据输入&测算结果'!$C$21/'基本数据输入&测算结果'!$C$22,"无数据/数据缺失") -> 无数据/数据缺失 | CW193: =IF(CV193<0,0,IF(CV193="无数据/数据缺失",0%,IF(CV193>'基本数据输入&测算结果'!$C$20*CU193,CU193,CV193/'基本数据输入&测算结果'!$C$20*CU193))) -> 0 | CX193: =IFERROR(('基本数据输入&测算结果'!$C$19*2-AVERAGE(AT193:BA193)*2-'基本数据输入&测算结果'!$C$23*2)/'基本数据输入&测算结果'!$C$21*'基本数据输入&测算结果'!$C$22,"无数据/数据缺失") -> 无数据/数据缺失 | CY193: =IF(CX193<0,0,IF(CX193="无数据/数据缺失",0%,IF(CX193>'基本数据输入&测算结果'!$C$20,100%,CX193/'基本数据输入&测算结果'!$C$20))) -> 0 | CZ193: =IFERROR((AVERAGE(BN193:CS193)*8-'基本数据输入&测算结果'!$C$24*8)/'基本数据输入&测算结果'!$C$21/'基本数据输入&测算结果'!$C$22,"无数据/数据缺失") -> 无数据/数据缺失 | DA193: =IF(CZ193<0,0,IF(CZ193="无数据/数据缺失",0,IF('基本数据输入&测算结果'!$C$20*CY193>CZ193,CZ193/'基本数据输入&测算结果'!$C$20*CY193,CY193))) -> 0 | DB193: =MIN(CU193,CW193)+MIN(CY193,DA193) -> 0
A194: 2025-07-12 | CT194: =IFERROR(('基本数据输入&测算结果'!$C$19*7-AVERAGE(J194:AK194)*7-'基本数据输入&测算结果'!$C$23*7)/'基本数据输入&测算结果'!$C$21*'基本数据输入&测算结果'!$C$22,"无数据/数据缺失") -> 无数据/数据缺失 | CU194: =IF(CT194<0,0,IF(CT194="无数据/数据缺失",0%,IF(CT194>'基本数据输入&测算结果'!$C$20,100%,CT194/'基本数据输入&测算结果'!$C$20))) -> 0 | CV194: =IFERROR((AVERAGE(AL194:AS194)*2-'基本数据输入&测算结果'!$C$24*2)/'基本数据输入&测算结果'!$C$21/'基本数据输入&测算结果'!$C$22,"无数据/数据缺失") -> 无数据/数据缺失 | CW194: =IF(CV194<0,0,IF(CV194="无数据/数据缺失",0%,IF(CV194>'基本数据输入&测算结果'!$C$20*CU194,CU194,CV194/'基本数据输入&测算结果'!$C$20*CU194))) -> 0 | CX194: =IFERROR(('基本数据输入&测算结果'!$C$19*2-AVERAGE(AT194:BA194)*2-'基本数据输入&测算结果'!$C$23*2)/'基本数据输入&测算结果'!$C$21*'基本数据输入&测算结果'!$C$22,"无数据/数据缺失") -> 无数据/数据缺失 | CY194: =IF(CX194<0,0,IF(CX194="无数据/数据缺失",0%,IF(CX194>'基本数据输入&测算结果'!$C$20,100%,CX194/'基本数据输入&测算结果'!$C$20))) -> 0 | CZ194: =IFERROR((AVERAGE(BN194:CS194)*8-'基本数据输入&测算结果'!$C$24*8)/'基本数据输入&测算结果'!$C$21/'基本数据输入&测算结果'!$C$22,"无数据/数据缺失") -> 无数据/数据缺失 | DA194: =IF(CZ194<0,0,IF(CZ194="无数据/数据缺失",0,IF('基本数据输入&测算结果'!$C$20*CY194>CZ194,CZ194/'基本数据输入&测算结果'!$C$20*CY194,CY194))) -> 0 | DB194: =MIN(CU194,CW194)+MIN(CY194,DA194) -> 0
... A196: 2025-07-14 | CT196: =IFERROR(('基本数据输入&测算结果'!$C$19*7-AVERAGE(J196:AK196)*7-'基本数据输入&测算结果'!$C$23*7)/'基本数据输入&测算结果'!$C$21*'基本数据输入&测算结果'!$C$22,"无数据/数据缺失") -> 无数据/数据缺失 | CU196: =IF(CT196<0,0,IF(CT196="无数据/数据缺失",0%,IF(CT196>'基本数据输入&测算结果'!$C$20,100%,CT196/'基本数据输入&测算结果'!$C$20))) -> 0 | CV196: =IFERROR((AVERAGE(AL196:AS196)*2-'基本数据输入&测算结果'!$C$24*2)/'基本数据输入&测算结果'!$C$21/'基本数据输入&测算结果'!$C$22,"无数据/数据缺失") -> 无数据/数据缺失 | CW196: =IF(CV196<0,0,IF(CV196="无数据/数据缺失",0%,IF(CV196>'基本数据输入&测算结果'!$C$20*CU196,CU196,CV196/'基本数据输入&测算结果'!$C$20*CU196))) -> 0 | CX196: =IFERROR(('基本数据输入&测算结果'!$C$19*2-AVERAGE(AT196:BA196)*2-'基本数据输入&测算结果'!$C$23*2)/'基本数据输入&测算结果'!$C$21*'基本数据输入&测算结果'!$C$22,"无数据/数据缺失") -> 无数据/数据缺失 | CY196: =IF(CX196<0,0,IF(CX196="无数据/数据缺失",0%,IF(CX196>'基本数据输入&测算结果'!$C$20,100%,CX196/'基本数据输入&测算结果'!$C$20))) -> 0 | CZ196: =IFERROR((AVERAGE(BN196:CS196)*8-'基本数据输入&测算结果'!$C$24*8)/'基本数据输入&测算结果'!$C$21/'基本数据输入&测算结果'!$C$22,"无数据/数据缺失") -> 无数据/数据缺失 | DA196: =IF(CZ196<0,0,IF(CZ196="无数据/数据缺失",0,IF('基本数据输入&测算结果'!$C$20*CY196>CZ196,CZ196/'基本数据输入&测算结果'!$C$20*CY196,CY196))) -> 0 | DB196: =MIN(CU196,CW196)+MIN(CY196,DA196) -> 0
A197: 2025-07-15 | CT197: =IFERROR(('基本数据输入&测算结果'!$C$19*7-AVERAGE(J197:AK197)*7-'基本数据输入&测算结果'!$C$23*7)/'基本数据输入&测算结果'!$C$21*'基本数据输入&测算结果'!$C$22,"无数据/数据缺失") -> 无数据/数据缺失 | CU197: =IF(CT197<0,0,IF(CT197="无数据/数据缺失",0%,IF(CT197>'基本数据输入&测算结果'!$C$20,100%,CT197/'基本数据输入&测算结果'!$C$20))) -> 0 | CV197: =IFERROR((AVERAGE(AL197:AS197)*2-'基本数据输入&测算结果'!$C$24*2)/'基本数据输入&测算结果'!$C$21/'基本数据输入&测算结果'!$C$22,"无数据/数据缺失") -> 无数据/数据缺失 | CW197: =IF(CV197<0,0,IF(CV197="无数据/数据缺失",0%,IF(CV197>'基本数据输入&测算结果'!$C$20*CU197,CU197,CV197/'基本数据输入&测算结果'!$C$20*CU197))) -> 0 | CX197: =IFERROR(('基本数据输入&测算结果'!$C$19*2-AVERAGE(AT197:BA197)*2-'基本数据输入&测算结果'!$C$23*2)/'基本数据输入&测算结果'!$C$21*'基本数据输入&测算结果'!$C$22,"无数据/数据缺失") -> 无数据/数据缺失 | CY197: =IF(CX197<0,0,IF(CX197="无数据/数据缺失",0%,IF(CX197>'基本数据输入&测算结果'!$C$20,100%,CX197/'基本数据输入&测算结果'!$C$20))) -> 0 | CZ197: =IFERROR((AVERAGE(BN197:CS197)*8-'基本数据输入&测算结果'!$C$24*8)/'基本数据输入&测算结果'!$C$21/'基本数据输入&测算结果'!$C$22,"无数据/数据缺失") -> 无数据/数据缺失 | DA197: =IF(CZ197<0,0,IF(CZ197="无数据/数据缺失",0,IF('基本数据输入&测算结果'!$C$20*CY197>CZ197,CZ197/'基本数据输入&测算结果'!$C$20*CY197,CY197))) -> 0 | DB197: =MIN(CU197,CW197)+MIN(CY197,DA197) -> 0 | DC197: =IF(DA197=0,0,IF(AVERAGE(CD197:CK197)*2>'基本数据输入&测算结果'!$C$20*DA197,100%,AVERAGE(CD197:CK197)*2/('基本数据输入&测算结果'!$C$20*DA197))) -> 0
A198: 2025-07-16 | CT198: =IFERROR(('基本数据输入&测算结果'!$C$19*7-AVERAGE(J198:AK198)*7-'基本数据输入&测算结果'!$C$23*7)/'基本数据输入&测算结果'!$C$21*'基本数据输入&测算结果'!$C$22,"无数据/数据缺失") -> 无数据/数据缺失 | CU198: =IF(CT198<0,0,IF(CT198="无数据/数据缺失",0%,IF(CT198>'基本数据输入&测算结果'!$C$20,100%,CT198/'基本数据输入&测算结果'!$C$20))) -> 0 | CV198: =IFERROR((AVERAGE(AL198:AS198)*2-'基本数据输入&测算结果'!$C$24*2)/'基本数据输入&测算结果'!$C$21/'基本数据输入&测算结果'!$C$22,"无数据/数据缺失") -> 无数据/数据缺失 | CW198: =IF(CV198<0,0,IF(CV198="无数据/数据缺失",0%,IF(CV198>'基本数据输入&测算结果'!$C$20*CU198,CU198,CV198/'基本数据输入&测算结果'!$C$20*CU198))) -> 0 | CX198: =IFERROR(('基本数据输入&测算结果'!$C$19*2-AVERAGE(AT198:BA198)*2-'基本数据输入&测算结果'!$C$23*2)/'基本数据输入&测算结果'!$C$21*'基本数据输入&测算结果'!$C$22,"无数据/数据缺失") -> 无数据/数据缺失 | CY198: =IF(CX198<0,0,IF(CX198="无数据/数据缺失",0%,IF(CX198>'基本数据输入&测算结果'!$C$20,100%,CX198/'基本数据输入&测算结果'!$C$20))) -> 0 | CZ198: =IFERROR((AVERAGE(BN198:CS198)*8-'基本数据输入&测算结果'!$C$24*8)/'基本数据输入&测算结果'!$C$21/'基本数据输入&测算结果'!$C$22,"无数据/数据缺失") -> 无数据/数据缺失 | DA198: =IF(CZ198<0,0,IF(CZ198="无数据/数据缺失",0,IF('基本数据输入&测算结果'!$C$20*CY198>CZ198,CZ198/'基本数据输入&测算结果'!$C$20*CY198,CY198))) -> 0 | DB198: =MIN(CU198,CW198)+MIN(CY198,DA198) -> 0 | DC198: =IF(DA198=0,0,IF(AVERAGE(CD198:CK198)*2>'基本数据输入&测算结果'!$C$20*DA198,100%,AVERAGE(CD198:CK198)*2/('基本数据输入&测算结果'!$C$20*DA198))) -> 0
A199: 2025-07-17 | CT199: =IFERROR(('基本数据输入&测算结果'!$C$19*7-AVERAGE(J199:AK199)*7-'基本数据输入&测算结果'!$C$23*7)/'基本数据输入&测算结果'!$C$21*'基本数据输入&测算结果'!$C$22,"无数据/数据缺失") -> 无数据/数据缺失 | CU199: =IF(CT199<0,0,IF(CT199="无数据/数据缺失",0%,IF(CT199>'基本数据输入&测算结果'!$C$20,100%,CT199/'基本数据输入&测算结果'!$C$20))) -> 0 | CV199: =IFERROR((AVERAGE(AL199:AS199)*2-'基本数据输入&测算结果'!$C$24*2)/'基本数据输入&测算结果'!$C$21/'基本数据输入&测算结果'!$C$22,"无数据/数据缺失") -> 无数据/数据缺失 | CW199: =IF(CV199<0,0,IF(CV199="无数据/数据缺失",0%,IF(CV199>'基本数据输入&测算结果'!$C$20*CU199,CU199,CV199/'基本数据输入&测算结果'!$C$20*CU199))) -> 0 | CX199: =IFERROR(('基本数据输入&测算结果'!$C$19*2-AVERAGE(AT199:BA199)*2-'基本数据输入&测算结果'!$C$23*2)/'基本数据输入&测算结果'!$C$21*'基本数据输入&测算结果'!$C$22,"无数据/数据缺失") -> 无数据/数据缺失 | CY199: =IF(CX199<0,0,IF(CX199="无数据/数据缺失",0%,IF(CX199>'基本数据输入&测算结果'!$C$20,100%,CX199/'基本数据输入&测算结果'!$C$20))) -> 0 | CZ199: =IFERROR((AVERAGE(BN199:CS199)*8-'基本数据输入&测算结果'!$C$24*8)/'基本数据输入&测算结果'!$C$21/'基本数据输入&测算结果'!$C$22,"无数据/数据缺失") -> 无数据/数据缺失 | DA199: =IF(CZ199<0,0,IF(CZ199="无数据/数据缺失",0,IF('基本数据输入&测算结果'!$C$20*CY199>CZ199,CZ199/'基本数据输入&测算结果'!$C$20*CY199,CY199))) -> 0 | DB199: =MIN(CU199,CW199)+MIN(CY199,DA199) -> 0 | DC199: =IF(DA199=0,0,IF(AVERAGE(CD199:CK199)*2>'基本数据输入&测算结果'!$C$20*DA199,100%,AVERAGE(CD199:CK199)*2/('基本数据输入&测算结果'!$C$20*DA199))) -> 0
A200: 2025-07-18 | CT200: =IFERROR(('基本数据输入&测算结果'!$C$19*7-AVERAGE(J200:AK200)*7-'基本数据输入&测算结果'!$C$23*7)/'基本数据输入&测算结果'!$C$21*'基本数据输入&测算结果'!$C$22,"无数据/数据缺失") -> 无数据/数据缺失 | CU200: =IF(CT200<0,0,IF(CT200="无数据/数据缺失",0%,IF(CT200>'基本数据输入&测算结果'!$C$20,100%,CT200/'基本数据输入&测算结果'!$C$20))) -> 0 | CV200: =IFERROR((AVERAGE(AL200:AS200)*2-'基本数据输入&测算结果'!$C$24*2)/'基本数据输入&测算结果'!$C$21/'基本数据输入&测算结果'!$C$22,"无数据/数据缺失") -> 无数据/数据缺失 | CW200: =IF(CV200<0,0,IF(CV200="无数据/数据缺失",0%,IF(CV200>'基本数据输入&测算结果'!$C$20*CU200,CU200,CV200/'基本数据输入&测算结果'!$C$20*CU200))) -> 0 | CX200: =IFERROR(('基本数据输入&测算结果'!$C$19*2-AVERAGE(AT200:BA200)*2-'基本数据输入&测算结果'!$C$23*2)/'基本数据输入&测算结果'!$C$21*'基本数据输入&测算结果'!$C$22,"无数据/数据缺失") -> 无数据/数据缺失 | CY200: =IF(CX200<0,0,IF(CX200="无数据/数据缺失",0%,IF(CX200>'基本数据输入&测算结果'!$C$20,100%,CX200/'基本数据输入&测算结果'!$C$20))) -> 0 | CZ200: =IFERROR((AVERAGE(BN200:CS200)*8-'基本数据输入&测算结果'!$C$24*8)/'基本数据输入&测算结果'!$C$21/'基本数据输入&测算结果'!$C$22,"无数据/数据缺失") -> 无数据/数据缺失 | DA200: =IF(CZ200<0,0,IF(CZ200="无数据/数据缺失",0,IF('基本数据输入&测算结果'!$C$20*CY200>CZ200,CZ200/'基本数据输入&测算结果'!$C$20*CY200,CY200))) -> 0 | DB200: =MIN(CU200,CW200)+MIN(CY200,DA200) -> 0 | DC200: =IF(DA200=0,0,IF(AVERAGE(CD200:CK200)*2>'基本数据输入&测算结果'!$C$20*DA200,100%,AVERAGE(CD200:CK200)*2/('基本数据输入&测算结果'!$C$20*DA200))) -> 0
A201: 2025-07-19 | CT201: =IFERROR(('基本数据输入&测算结果'!$C$19*7-AVERAGE(J201:AK201)*7-'基本数据输入&测算结果'!$C$23*7)/'基本数据输入&测算结果'!$C$21*'基本数据输入&测算结果'!$C$22,"无数据/数据缺失") -> 无数据/数据缺失 | CU201: =IF(CT201<0,0,IF(CT201="无数据/数据缺失",0%,IF(CT201>'基本数据输入&测算结果'!$C$20,100%,CT201/'基本数据输入&测算结果'!$C$20))) -> 0 | CV201: =IFERROR((AVERAGE(AL201:AS201)*2-'基本数据输入&测算结果'!$C$24*2)/'基本数据输入&测算结果'!$C$21/'基本数据输入&测算结果'!$C$22,"无数据/数据缺失") -> 无数据/数据缺失 | CW201: =IF(CV201<0,0,IF(CV201="无数据/数据缺失",0%,IF(CV201>'基本数据输入&测算结果'!$C$20*CU201,CU201,CV201/'基本数据输入&测算结果'!$C$20*CU201))) -> 0 | CX201: =IFERROR(('基本数据输入&测算结果'!$C$19*2-AVERAGE(AT201:BA201)*2-'基本数据输入&测算结果'!$C$23*2)/'基本数据输入&测算结果'!$C$21*'基本数据输入&测算结果'!$C$22,"无数据/数据缺失") -> 无数据/数据缺失 | CY201: =IF(CX201<0,0,IF(CX201="无数据/数据缺失",0%,IF(CX201>'基本数据输入&测算结果'!$C$20,100%,CX201/'基本数据输入&测算结果'!$C$20))) -> 0 | CZ201: =IFERROR((AVERAGE(BN201:CS201)*8-'基本数据输入&测算结果'!$C$24*8)/'基本数据输入&测算结果'!$C$21/'基本数据输入&测算结果'!$C$22,"无数据/数据缺失") -> 无数据/数据缺失 | DA201: =IF(CZ201<0,0,IF(CZ201="无数据/数据缺失",0,IF('基本数据输入&测算结果'!$C$20*CY201>CZ201,CZ201/'基本数据输入&测算结果'!$C$20*CY201,CY201))) -> 0 | DB201: =MIN(CU201,CW201)+MIN(CY201,DA201) -> 0 | DC201: =IF(DA201=0,0,IF(AVERAGE(CD201:CK201)*2>'基本数据输入&测算结果'!$C$20*DA201,100%,AVERAGE(CD201:CK201)*2/('基本数据输入&测算结果'!$C$20*DA201))) -> 0
A202: 2025-07-20 | CT202: =IFERROR(('基本数据输入&测算结果'!$C$19*7-AVERAGE(J202:AK202)*7-'基本数据输入&测算结果'!$C$23*7)/'基本数据输入&测算结果'!$C$21*'基本数据输入&测算结果'!$C$22,"无数据/数据缺失") -> 无数据/数据缺失 | CU202: =IF(CT202<0,0,IF(CT202="无数据/数据缺失",0%,IF(CT202>'基本数据输入&测算结果'!$C$20,100%,CT202/'基本数据输入&测算结果'!$C$20))) -> 0 | CV202: =IFERROR((AVERAGE(AL202:AS202)*2-'基本数据输入&测算结果'!$C$24*2)/'基本数据输入&测算结果'!$C$21/'基本数据输入&测算结果'!$C$22,"无数据/数据缺失") -> 无数据/数据缺失 | CW202: =IF(CV202<0,0,IF(CV202="无数据/数据缺失",0%,IF(CV202>'基本数据输入&测算结果'!$C$20*CU202,CU202,CV202/'基本数据输入&测算结果'!$C$20*CU202))) -> 0 | CX202: =IFERROR(('基本数据输入&测算结果'!$C$19*2-AVERAGE(AT202:BA202)*2-'基本数据输入&测算结果'!$C$23*2)/'基本数据输入&测算结果'!$C$21*'基本数据输入&测算结果'!$C$22,"无数据/数据缺失") -> 无数据/数据缺失 | CY202: =IF(CX202<0,0,IF(CX202="无数据/数据缺失",0%,IF(CX202>'基本数据输入&测算结果'!$C$20,100%,CX202/'基本数据输入&测算结果'!$C$20))) -> 0 | CZ202: =IFERROR((AVERAGE(BN202:CS202)*8-'基本数据输入&测算结果'!$C$24*8)/'基本数据输入&测算结果'!$C$21/'基本数据输入&测算结果'!$C$22,"无数据/数据缺失") -> 无数据/数据缺失 | DA202: =IF(CZ202<0,0,IF(CZ202="无数据/数据缺失",0,IF('基本数据输入&测算结果'!$C$20*CY202>CZ202,CZ202/'基本数据输入&测算结果'!$C$20*CY202,CY202))) -> 0 | DB202: =MIN(CU202,CW202)+MIN(CY202,DA202) -> 0 | DC202: =IF(DA202=0,0,IF(AVERAGE(CD202:CK202)*2>'基本数据输入&测算结果'!$C$20*DA202,100%,AVERAGE(CD202:CK202)*2/('基本数据输入&测算结果'!$C$20*DA202))) -> 0
A203: 2025-07-21 | CT203: =IFERROR(('基本数据输入&测算结果'!$C$19*7-AVERAGE(J203:AK203)*7-'基本数据输入&测算结果'!$C$23*7)/'基本数据输入&测算结果'!$C$21*'基本数据输入&测算结果'!$C$22,"无数据/数据缺失") -> 无数据/数据缺失 | CU203: =IF(CT203<0,0,IF(CT203="无数据/数据缺失",0%,IF(CT203>'基本数据输入&测算结果'!$C$20,100%,CT203/'基本数据输入&测算结果'!$C$20))) -> 0 | CV203: =IFERROR((AVERAGE(AL203:AS203)*2-'基本数据输入&测算结果'!$C$24*2)/'基本数据输入&测算结果'!$C$21/'基本数据输入&测算结果'!$C$22,"无数据/数据缺失") -> 无数据/数据缺失 | CW203: =IF(CV203<0,0,IF(CV203="无数据/数据缺失",0%,IF(CV203>'基本数据输入&测算结果'!$C$20*CU203,CU203,CV203/'基本数据输入&测算结果'!$C$20*CU203))) -> 0 | CX203: =IFERROR(('基本数据输入&测算结果'!$C$19*2-AVERAGE(AT203:BA203)*2-'基本数据输入&测算结果'!$C$23*2)/'基本数据输入&测算结果'!$C$21*'基本数据输入&测算结果'!$C$22,"无数据/数据缺失") -> 无数据/数据缺失 | CY203: =IF(CX203<0,0,IF(CX203="无数据/数据缺失",0%,IF(CX203>'基本数据输入&测算结果'!$C$20,100%,CX203/'基本数据输入&测算结果'!$C$20))) -> 0 | CZ203: =IFERROR((AVERAGE(BN203:CS203)*8-'基本数据输入&测算结果'!$C$24*8)/'基本数据输入&测算结果'!$C$21/'基本数据输入&测算结果'!$C$22,"无数据/数据缺失") -> 无数据/数据缺失 | DA203: =IF(CZ203<0,0,IF(CZ203="无数据/数据缺失",0,IF('基本数据输入&测算结果'!$C$20*CY203>CZ203,CZ203/'基本数据输入&测算结果'!$C$20*CY203,CY203))) -> 0 | DB203: =MIN(CU203,CW203)+MIN(CY203,DA203) -> 0 | DC203: =IF(DA203=0,0,IF(AVERAGE(CD203:CK203)*2>'基本数据输入&测算结果'!$C$20*DA203,100%,AVERAGE(CD203:CK203)*2/('基本数据输入&测算结果'!$C$20*DA203))) -> 0
A204: 2025-07-22 | CT204: =IFERROR(('基本数据输入&测算结果'!$C$19*7-AVERAGE(J204:AK204)*7-'基本数据输入&测算结果'!$C$23*7)/'基本数据输入&测算结果'!$C$21*'基本数据输入&测算结果'!$C$22,"无数据/数据缺失") -> 无数据/数据缺失 | CU204: =IF(CT204<0,0,IF(CT204="无数据/数据缺失",0%,IF(CT204>'基本数据输入&测算结果'!$C$20,100%,CT204/'基本数据输入&测算结果'!$C$20))) -> 0 | CV204: =IFERROR((AVERAGE(AL204:AS204)*2-'基本数据输入&测算结果'!$C$24*2)/'基本数据输入&测算结果'!$C$21/'基本数据输入&测算结果'!$C$22,"无数据/数据缺失") -> 无数据/数据缺失 | CW204: =IF(CV204<0,0,IF(CV204="无数据/数据缺失",0%,IF(CV204>'基本数据输入&测算结果'!$C$20*CU204,CU204,CV204/'基本数据输入&测算结果'!$C$20*CU204))) -> 0 | CX204: =IFERROR(('基本数据输入&测算结果'!$C$19*2-AVERAGE(AT204:BA204)*2-'基本数据输入&测算结果'!$C$23*2)/'基本数据输入&测算结果'!$C$21*'基本数据输入&测算结果'!$C$22,"无数据/数据缺失") -> 无数据/数据缺失 | CY204: =IF(CX204<0,0,IF(CX204="无数据/数据缺失",0%,IF(CX204>'基本数据输入&测算结果'!$C$20,100%,CX204/'基本数据输入&测算结果'!$C$20))) -> 0 | CZ204: =IFERROR((AVERAGE(BN204:CS204)*8-'基本数据输入&测算结果'!$C$24*8)/'基本数据输入&测算结果'!$C$21/'基本数据输入&测算结果'!$C$22,"无数据/数据缺失") -> 无数据/数据缺失 | DA204: =IF(CZ204<0,0,IF(CZ204="无数据/数据缺失",0,IF('基本数据输入&测算结果'!$C$20*CY204>CZ204,CZ204/'基本数据输入&测算结果'!$C$20*CY204,CY204))) -> 0 | DB204: =MIN(CU204,CW204)+MIN(CY204,DA204) -> 0 | DC204: =IF(DA204=0,0,IF(AVERAGE(CD204:CK204)*2>'基本数据输入&测算结果'!$C$20*DA204,100%,AVERAGE(CD204:CK204)*2/('基本数据输入&测算结果'!$C$20*DA204))) -> 0
A205: 2025-07-23 | CT205: =IFERROR(('基本数据输入&测算结果'!$C$19*7-AVERAGE(J205:AK205)*7-'基本数据输入&测算结果'!$C$23*7)/'基本数据输入&测算结果'!$C$21*'基本数据输入&测算结果'!$C$22,"无数据/数据缺失") -> 无数据/数据缺失 | CU205: =IF(CT205<0,0,IF(CT205="无数据/数据缺失",0%,IF(CT205>'基本数据输入&测算结果'!$C$20,100%,CT205/'基本数据输入&测算结果'!$C$20))) -> 0 | CV205: =IFERROR((AVERAGE(AL205:AS205)*2-'基本数据输入&测算结果'!$C$24*2)/'基本数据输入&测算结果'!$C$21/'基本数据输入&测算结果'!$C$22,"无数据/数据缺失") -> 无数据/数据缺失 | CW205: =IF(CV205<0,0,IF(CV205="无数据/数据缺失",0%,IF(CV205>'基本数据输入&测算结果'!$C$20*CU205,CU205,CV205/'基本数据输入&测算结果'!$C$20*CU205))) -> 0 | CX205: =IFERROR(('基本数据输入&测算结果'!$C$19*2-AVERAGE(AT205:BA205)*2-'基本数据输入&测算结果'!$C$23*2)/'基本数据输入&测算结果'!$C$21*'基本数据输入&测算结果'!$C$22,"无数据/数据缺失") -> 无数据/数据缺失 | CY205: =IF(CX205<0,0,IF(CX205="无数据/数据缺失",0%,IF(CX205>'基本数据输入&测算结果'!$C$20,100%,CX205/'基本数据输入&测算结果'!$C$20))) -> 0 | CZ205: =IFERROR((AVERAGE(BN205:CS205)*8-'基本数据输入&测算结果'!$C$24*8)/'基本数据输入&测算结果'!$C$21/'基本数据输入&测算结果'!$C$22,"无数据/数据缺失") -> 无数据/数据缺失 | DA205: =IF(CZ205<0,0,IF(CZ205="无数据/数据缺失",0,IF('基本数据输入&测算结果'!$C$20*CY205>CZ205,CZ205/'基本数据输入&测算结果'!$C$20*CY205,CY205))) -> 0 | DB205: =MIN(CU205,CW205)+MIN(CY205,DA205) -> 0 | DC205: =IF(DA205=0,0,IF(AVERAGE(CD205:CK205)*2>'基本数据输入&测算结果'!$C$20*DA205,100%,AVERAGE(CD205:CK205)*2/('基本数据输入&测算结果'!$C$20*DA205))) -> 0
A206: 2025-07-24 | CT206: =IFERROR(('基本数据输入&测算结果'!$C$19*7-AVERAGE(J206:AK206)*7-'基本数据输入&测算结果'!$C$23*7)/'基本数据输入&测算结果'!$C$21*'基本数据输入&测算结果'!$C$22,"无数据/数据缺失") -> 无数据/数据缺失 | CU206: =IF(CT206<0,0,IF(CT206="无数据/数据缺失",0%,IF(CT206>'基本数据输入&测算结果'!$C$20,100%,CT206/'基本数据输入&测算结果'!$C$20))) -> 0 | CV206: =IFERROR((AVERAGE(AL206:AS206)*2-'基本数据输入&测算结果'!$C$24*2)/'基本数据输入&测算结果'!$C$21/'基本数据输入&测算结果'!$C$22,"无数据/数据缺失") -> 无数据/数据缺失 | CW206: =IF(CV206<0,0,IF(CV206="无数据/数据缺失",0%,IF(CV206>'基本数据输入&测算结果'!$C$20*CU206,CU206,CV206/'基本数据输入&测算结果'!$C$20*CU206))) -> 0 | CX206: =IFERROR(('基本数据输入&测算结果'!$C$19*2-AVERAGE(AT206:BA206)*2-'基本数据输入&测算结果'!$C$23*2)/'基本数据输入&测算结果'!$C$21*'基本数据输入&测算结果'!$C$22,"无数据/数据缺失") -> 无数据/数据缺失 | CY206: =IF(CX206<0,0,IF(CX206="无数据/数据缺失",0%,IF(CX206>'基本数据输入&测算结果'!$C$20,100%,CX206/'基本数据输入&测算结果'!$C$20))) -> 0 | CZ206: =IFERROR((AVERAGE(BN206:CS206)*8-'基本数据输入&测算结果'!$C$24*8)/'基本数据输入&测算结果'!$C$21/'基本数据输入&测算结果'!$C$22,"无数据/数据缺失") -> 无数据/数据缺失 | DA206: =IF(CZ206<0,0,IF(CZ206="无数据/数据缺失",0,IF('基本数据输入&测算结果'!$C$20*CY206>CZ206,CZ206/'基本数据输入&测算结果'!$C$20*CY206,CY206))) -> 0 | DB206: =MIN(CU206,CW206)+MIN(CY206,DA206) -> 0 | DC206: =IF(DA206=0,0,IF(AVERAGE(CD206:CK206)*2>'基本数据输入&测算结果'!$C$20*DA206,100%,AVERAGE(CD206:CK206)*2/('基本数据输入&测算结果'!$C$20*DA206))) -> 0
A207: 2025-07-25 | CT207: =IFERROR(('基本数据输入&测算结果'!$C$19*7-AVERAGE(J207:AK207)*7-'基本数据输入&测算结果'!$C$23*7)/'基本数据输入&测算结果'!$C$21*'基本数据输入&测算结果'!$C$22,"无数据/数据缺失") -> 无数据/数据缺失 | CU207: =IF(CT207<0,0,IF(CT207="无数据/数据缺失",0%,IF(CT207>'基本数据输入&测算结果'!$C$20,100%,CT207/'基本数据输入&测算结果'!$C$20))) -> 0 | CV207: =IFERROR((AVERAGE(AL207:AS207)*2-'基本数据输入&测算结果'!$C$24*2)/'基本数据输入&测算结果'!$C$21/'基本数据输入&测算结果'!$C$22,"无数据/数据缺失") -> 无数据/数据缺失 | CW207: =IF(CV207<0,0,IF(CV207="无数据/数据缺失",0%,IF(CV207>'基本数据输入&测算结果'!$C$20*CU207,CU207,CV207/'基本数据输入&测算结果'!$C$20*CU207))) -> 0 | CX207: =IFERROR(('基本数据输入&测算结果'!$C$19*2-AVERAGE(AT207:BA207)*2-'基本数据输入&测算结果'!$C$23*2)/'基本数据输入&测算结果'!$C$21*'基本数据输入&测算结果'!$C$22,"无数据/数据缺失") -> 无数据/数据缺失 | CY207: =IF(CX207<0,0,IF(CX207="无数据/数据缺失",0%,IF(CX207>'基本数据输入&测算结果'!$C$20,100%,CX207/'基本数据输入&测算结果'!$C$20))) -> 0 | CZ207: =IFERROR((AVERAGE(BN207:CS207)*8-'基本数据输入&测算结果'!$C$24*8)/'基本数据输入&测算结果'!$C$21/'基本数据输入&测算结果'!$C$22,"无数据/数据缺失") -> 无数据/数据缺失 | DA207: =IF(CZ207<0,0,IF(CZ207="无数据/数据缺失",0,IF('基本数据输入&测算结果'!$C$20*CY207>CZ207,CZ207/'基本数据输入&测算结果'!$C$20*CY207,CY207))) -> 0 | DB207: =MIN(CU207,CW207)+MIN(CY207,DA207) -> 0 | DC207: =IF(DA207=0,0,IF(AVERAGE(CD207:CK207)*2>'基本数据输入&测算结果'!$C$20*DA207,100%,AVERAGE(CD207:CK207)*2/('基本数据输入&测算结果'!$C$20*DA207))) -> 0
A208: 2025-07-26 | CT208: =IFERROR(('基本数据输入&测算结果'!$C$19*7-AVERAGE(J208:AK208)*7-'基本数据输入&测算结果'!$C$23*7)/'基本数据输入&测算结果'!$C$21*'基本数据输入&测算结果'!$C$22,"无数据/数据缺失") -> 无数据/数据缺失 | CU208: =IF(CT208<0,0,IF(CT208="无数据/数据缺失",0%,IF(CT208>'基本数据输入&测算结果'!$C$20,100%,CT208/'基本数据输入&测算结果'!$C$20))) -> 0 | CV208: =IFERROR((AVERAGE(AL208:AS208)*2-'基本数据输入&测算结果'!$C$24*2)/'基本数据输入&测算结果'!$C$21/'基本数据输入&测算结果'!$C$22,"无数据/数据缺失") -> 无数据/数据缺失 | CW208: =IF(CV208<0,0,IF(CV208="无数据/数据缺失",0%,IF(CV208>'基本数据输入&测算结果'!$C$20*CU208,CU208,CV208/'基本数据输入&测算结果'!$C$20*CU208))) -> 0 | CX208: =IFERROR(('基本数据输入&测算结果'!$C$19*2-AVERAGE(AT208:BA208)*2-'基本数据输入&测算结果'!$C$23*2)/'基本数据输入&测算结果'!$C$21*'基本数据输入&测算结果'!$C$22,"无数据/数据缺失") -> 无数据/数据缺失 | CY208: =IF(CX208<0,0,IF(CX208="无数据/数据缺失",0%,IF(CX208>'基本数据输入&测算结果'!$C$20,100%,CX208/'基本数据输入&测算结果'!$C$20))) -> 0 | CZ208: =IFERROR((AVERAGE(BN208:CS208)*8-'基本数据输入&测算结果'!$C$24*8)/'基本数据输入&测算结果'!$C$21/'基本数据输入&测算结果'!$C$22,"无数据/数据缺失") -> 无数据/数据缺失 | DA208: =IF(CZ208<0,0,IF(CZ208="无数据/数据缺失",0,IF('基本数据输入&测算结果'!$C$20*CY208>CZ208,CZ208/'基本数据输入&测算结果'!$C$20*CY208,CY208))) -> 0 | DB208: =MIN(CU208,CW208)+MIN(CY208,DA208) -> 0 | DC208: =IF(DA208=0,0,IF(AVERAGE(CD208:CK208)*2>'基本数据输入&测算结果'!$C$20*DA208,100%,AVERAGE(CD208:CK208)*2/('基本数据输入&测算结果'!$C$20*DA208))) -> 0
... A244: 2025-08-31 | CT244: =IFERROR(('基本数据输入&测算结果'!$C$19*7-AVERAGE(J244:AK244)*7-'基本数据输入&测算结果'!$C$23*7)/'基本数据输入&测算结果'!$C$21*'基本数据输入&测算结果'!$C$22,"无数据/数据缺失") -> 无数据/数据缺失 | CU244: =IF(CT244<0,0,IF(CT244="无数据/数据缺失",0%,IF(CT244>'基本数据输入&测算结果'!$C$20,100%,CT244/'基本数据输入&测算结果'!$C$20))) -> 0 | CV244: =IFERROR((AVERAGE(AL244:AS244)*2-'基本数据输入&测算结果'!$C$24*2)/'基本数据输入&测算结果'!$C$21/'基本数据输入&测算结果'!$C$22,"无数据/数据缺失") -> 无数据/数据缺失 | CW244: =IF(CV244<0,0,IF(CV244="无数据/数据缺失",0%,IF(CV244>'基本数据输入&测算结果'!$C$20*CU244,CU244,CV244/'基本数据输入&测算结果'!$C$20*CU244))) -> 0 | CX244: =IFERROR(('基本数据输入&测算结果'!$C$19*2-AVERAGE(AT244:BA244)*2-'基本数据输入&测算结果'!$C$23*2)/'基本数据输入&测算结果'!$C$21*'基本数据输入&测算结果'!$C$22,"无数据/数据缺失") -> 无数据/数据缺失 | CY244: =IF(CX244<0,0,IF(CX244="无数据/数据缺失",0%,IF(CX244>'基本数据输入&测算结果'!$C$20,100%,CX244/'基本数据输入&测算结果'!$C$20))) -> 0 | CZ244: =IFERROR((AVERAGE(BN244:CS244)*8-'基本数据输入&测算结果'!$C$24*8)/'基本数据输入&测算结果'!$C$21/'基本数据输入&测算结果'!$C$22,"无数据/数据缺失") -> 无数据/数据缺失 | DA244: =IF(CZ244<0,0,IF(CZ244="无数据/数据缺失",0,IF('基本数据输入&测算结果'!$C$20*CY244>CZ244,CZ244/'基本数据输入&测算结果'!$C$20*CY244,CY244))) -> 0 | DB244: =MIN(CU244,CW244)+MIN(CY244,DA244) -> 0 | DC244: =IF(DA244=0,0,IF(AVERAGE(CD244:CK244)*2>'基本数据输入&测算结果'!$C$20*DA244,100%,AVERAGE(CD244:CK244)*2/('基本数据输入&测算结果'!$C$20*DA244))) -> 0
A245: 2025-09-01 | CT245: =IFERROR(('基本数据输入&测算结果'!$C$19*7-AVERAGE(J245:AK245)*7-'基本数据输入&测算结果'!$C$23*7)/'基本数据输入&测算结果'!$C$21*'基本数据输入&测算结果'!$C$22,"无数据/数据缺失") -> 无数据/数据缺失 | CU245: =IF(CT245<0,0,IF(CT245="无数据/数据缺失",0%,IF(CT245>'基本数据输入&测算结果'!$C$20,100%,CT245/'基本数据输入&测算结果'!$C$20))) -> 0 | CV245: =IFERROR((AVERAGE(AL245:AS245)*2-'基本数据输入&测算结果'!$C$24*2)/'基本数据输入&测算结果'!$C$21/'基本数据输入&测算结果'!$C$22,"无数据/数据缺失") -> 无数据/数据缺失 | CW245: =IF(CV245<0,0,IF(CV245="无数据/数据缺失",0%,IF(CV245>'基本数据输入&测算结果'!$C$20*CU245,CU245,CV245/'基本数据输入&测算结果'!$C$20*CU245))) -> 0 | CX245: =IFERROR(('基本数据输入&测算结果'!$C$19*2-AVERAGE(AT245:BA245)*2-'基本数据输入&测算结果'!$C$23*2)/'基本数据输入&测算结果'!$C$21*'基本数据输入&测算结果'!$C$22,"无数据/数据缺失") -> 无数据/数据缺失 | CY245: =IF(CX245<0,0,IF(CX245="无数据/数据缺失",0%,IF(CX245>'基本数据输入&测算结果'!$C$20,100%,CX245/'基本数据输入&测算结果'!$C$20))) -> 0 | CZ245: =IFERROR((AVERAGE(BN245:CS245)*8-'基本数据输入&测算结果'!$C$24*8)/'基本数据输入&测算结果'!$C$21/'基本数据输入&测算结果'!$C$22,"无数据/数据缺失") -> 无数据/数据缺失 | DA245: =IF(CZ245<0,0,IF(CZ245="无数据/数据缺失",0,IF('基本数据输入&测算结果'!$C$20*CY245>CZ245,CZ245/'基本数据输入&测算结果'!$C$20*CY245,CY245))) -> 0 | DB245: =MIN(CU245,CW245)+MIN(CY245,DA245) -> 0
A246: 2025-09-02 | CT246: =IFERROR(('基本数据输入&测算结果'!$C$19*7-AVERAGE(J246:AK246)*7-'基本数据输入&测算结果'!$C$23*7)/'基本数据输入&测算结果'!$C$21*'基本数据输入&测算结果'!$C$22,"无数据/数据缺失") -> 无数据/数据缺失 | CU246: =IF(CT246<0,0,IF(CT246="无数据/数据缺失",0%,IF(CT246>'基本数据输入&测算结果'!$C$20,100%,CT246/'基本数据输入&测算结果'!$C$20))) -> 0 | CV246: =IFERROR((AVERAGE(AL246:AS246)*2-'基本数据输入&测算结果'!$C$24*2)/'基本数据输入&测算结果'!$C$21/'基本数据输入&测算结果'!$C$22,"无数据/数据缺失") -> 无数据/数据缺失 | CW246: =IF(CV246<0,0,IF(CV246="无数据/数据缺失",0%,IF(CV246>'基本数据输入&测算结果'!$C$20*CU246,CU246,CV246/'基本数据输入&测算结果'!$C$20*CU246))) -> 0 | CX246: =IFERROR(('基本数据输入&测算结果'!$C$19*2-AVERAGE(AT246:BA246)*2-'基本数据输入&测算结果'!$C$23*2)/'基本数据输入&测算结果'!$C$21*'基本数据输入&测算结果'!$C$22,"无数据/数据缺失") -> 无数据/数据缺失 | CY246: =IF(CX246<0,0,IF(CX246="无数据/数据缺失",0%,IF(CX246>'基本数据输入&测算结果'!$C$20,100%,CX246/'基本数据输入&测算结果'!$C$20))) -> 0 | CZ246: =IFERROR((AVERAGE(BN246:CS246)*8-'基本数据输入&测算结果'!$C$24*8)/'基本数据输入&测算结果'!$C$21/'基本数据输入&测算结果'!$C$22,"无数据/数据缺失") -> 无数据/数据缺失 | DA246: =IF(CZ246<0,0,IF(CZ246="无数据/数据缺失",0,IF('基本数据输入&测算结果'!$C$20*CY246>CZ246,CZ246/'基本数据输入&测算结果'!$C$20*CY246,CY246))) -> 0 | DB246: =MIN(CU246,CW246)+MIN(CY246,DA246) -> 0
A247: 2025-09-03 | CT247: =IFERROR(('基本数据输入&测算结果'!$C$19*7-AVERAGE(J247:AK247)*7-'基本数据输入&测算结果'!$C$23*7)/'基本数据输入&测算结果'!$C$21*'基本数据输入&测算结果'!$C$22,"无数据/数据缺失") -> 无数据/数据缺失 | CU247: =IF(CT247<0,0,IF(CT247="无数据/数据缺失",0%,IF(CT247>'基本数据输入&测算结果'!$C$20,100%,CT247/'基本数据输入&测算结果'!$C$20))) -> 0 | CV247: =IFERROR((AVERAGE(AL247:AS247)*2-'基本数据输入&测算结果'!$C$24*2)/'基本数据输入&测算结果'!$C$21/'基本数据输入&测算结果'!$C$22,"无数据/数据缺失") -> 无数据/数据缺失 | CW247: =IF(CV247<0,0,IF(CV247="无数据/数据缺失",0%,IF(CV247>'基本数据输入&测算结果'!$C$20*CU247,CU247,CV247/'基本数据输入&测算结果'!$C$20*CU247))) -> 0 | CX247: =IFERROR(('基本数据输入&测算结果'!$C$19*2-AVERAGE(AT247:BA247)*2-'基本数据输入&测算结果'!$C$23*2)/'基本数据输入&测算结果'!$C$21*'基本数据输入&测算结果'!$C$22,"无数据/数据缺失") -> 无数据/数据缺失 | CY247: =IF(CX247<0,0,IF(CX247="无数据/数据缺失",0%,IF(CX247>'基本数据输入&测算结果'!$C$20,100%,CX247/'基本数据输入&测算结果'!$C$20))) -> 0 | CZ247: =IFERROR((AVERAGE(BN247:CS247)*8-'基本数据输入&测算结果'!$C$24*8)/'基本数据输入&测算结果'!$C$21/'基本数据输入&测算结果'!$C$22,"无数据/数据缺失") -> 无数据/数据缺失 | DA247: =IF(CZ247<0,0,IF(CZ247="无数据/数据缺失",0,IF('基本数据输入&测算结果'!$C$20*CY247>CZ247,CZ247/'基本数据输入&测算结果'!$C$20*CY247,CY247))) -> 0 | DB247: =MIN(CU247,CW247)+MIN(CY247,DA247) -> 0
A248: 2025-09-04 | CT248: =IFERROR(('基本数据输入&测算结果'!$C$19*7-AVERAGE(J248:AK248)*7-'基本数据输入&测算结果'!$C$23*7)/'基本数据输入&测算结果'!$C$21*'基本数据输入&测算结果'!$C$22,"无数据/数据缺失") -> 无数据/数据缺失 | CU248: =IF(CT248<0,0,IF(CT248="无数据/数据缺失",0%,IF(CT248>'基本数据输入&测算结果'!$C$20,100%,CT248/'基本数据输入&测算结果'!$C$20))) -> 0 | CV248: =IFERROR((AVERAGE(AL248:AS248)*2-'基本数据输入&测算结果'!$C$24*2)/'基本数据输入&测算结果'!$C$21/'基本数据输入&测算结果'!$C$22,"无数据/数据缺失") -> 无数据/数据缺失 | CW248: =IF(CV248<0,0,IF(CV248="无数据/数据缺失",0%,IF(CV248>'基本数据输入&测算结果'!$C$20*CU248,CU248,CV248/'基本数据输入&测算结果'!$C$20*CU248))) -> 0 | CX248: =IFERROR(('基本数据输入&测算结果'!$C$19*2-AVERAGE(AT248:BA248)*2-'基本数据输入&测算结果'!$C$23*2)/'基本数据输入&测算结果'!$C$21*'基本数据输入&测算结果'!$C$22,"无数据/数据缺失") -> 无数据/数据缺失 | CY248: =IF(CX248<0,0,IF(CX248="无数据/数据缺失",0%,IF(CX248>'基本数据输入&测算结果'!$C$20,100%,CX248/'基本数据输入&测算结果'!$C$20))) -> 0 | CZ248: =IFERROR((AVERAGE(BN248:CS248)*8-'基本数据输入&测算结果'!$C$24*8)/'基本数据输入&测算结果'!$C$21/'基本数据输入&测算结果'!$C$22,"无数据/数据缺失") -> 无数据/数据缺失 | DA248: =IF(CZ248<0,0,IF(CZ248="无数据/数据缺失",0,IF('基本数据输入&测算结果'!$C$20*CY248>CZ248,CZ248/'基本数据输入&测算结果'!$C$20*CY248,CY248))) -> 0 | DB248: =MIN(CU248,CW248)+MIN(CY248,DA248) -> 0
A249: 2025-09-05 | CT249: =IFERROR(('基本数据输入&测算结果'!$C$19*7-AVERAGE(J249:AK249)*7-'基本数据输入&测算结果'!$C$23*7)/'基本数据输入&测算结果'!$C$21*'基本数据输入&测算结果'!$C$22,"无数据/数据缺失") -> 无数据/数据缺失 | CU249: =IF(CT249<0,0,IF(CT249="无数据/数据缺失",0%,IF(CT249>'基本数据输入&测算结果'!$C$20,100%,CT249/'基本数据输入&测算结果'!$C$20))) -> 0 | CV249: =IFERROR((AVERAGE(AL249:AS249)*2-'基本数据输入&测算结果'!$C$24*2)/'基本数据输入&测算结果'!$C$21/'基本数据输入&测算结果'!$C$22,"无数据/数据缺失") -> 无数据/数据缺失 | CW249: =IF(CV249<0,0,IF(CV249="无数据/数据缺失",0%,IF(CV249>'基本数据输入&测算结果'!$C$20*CU249,CU249,CV249/'基本数据输入&测算结果'!$C$20*CU249))) -> 0 | CX249: =IFERROR(('基本数据输入&测算结果'!$C$19*2-AVERAGE(AT249:BA249)*2-'基本数据输入&测算结果'!$C$23*2)/'基本数据输入&测算结果'!$C$21*'基本数据输入&测算结果'!$C$22,"无数据/数据缺失") -> 无数据/数据缺失 | CY249: =IF(CX249<0,0,IF(CX249="无数据/数据缺失",0%,IF(CX249>'基本数据输入&测算结果'!$C$20,100%,CX249/'基本数据输入&测算结果'!$C$20))) -> 0 | CZ249: =IFERROR((AVERAGE(BN249:CS249)*8-'基本数据输入&测算结果'!$C$24*8)/'基本数据输入&测算结果'!$C$21/'基本数据输入&测算结果'!$C$22,"无数据/数据缺失") -> 无数据/数据缺失 | DA249: =IF(CZ249<0,0,IF(CZ249="无数据/数据缺失",0,IF('基本数据输入&测算结果'!$C$20*CY249>CZ249,CZ249/'基本数据输入&测算结果'!$C$20*CY249,CY249))) -> 0 | DB249: =MIN(CU249,CW249)+MIN(CY249,DA249) -> 0
A250: 2025-09-06 | CT250: =IFERROR(('基本数据输入&测算结果'!$C$19*7-AVERAGE(J250:AK250)*7-'基本数据输入&测算结果'!$C$23*7)/'基本数据输入&测算结果'!$C$21*'基本数据输入&测算结果'!$C$22,"无数据/数据缺失") -> 无数据/数据缺失 | CU250: =IF(CT250<0,0,IF(CT250="无数据/数据缺失",0%,IF(CT250>'基本数据输入&测算结果'!$C$20,100%,CT250/'基本数据输入&测算结果'!$C$20))) -> 0 | CV250: =IFERROR((AVERAGE(AL250:AS250)*2-'基本数据输入&测算结果'!$C$24*2)/'基本数据输入&测算结果'!$C$21/'基本数据输入&测算结果'!$C$22,"无数据/数据缺失") -> 无数据/数据缺失 | CW250: =IF(CV250<0,0,IF(CV250="无数据/数据缺失",0%,IF(CV250>'基本数据输入&测算结果'!$C$20*CU250,CU250,CV250/'基本数据输入&测算结果'!$C$20*CU250))) -> 0 | CX250: =IFERROR(('基本数据输入&测算结果'!$C$19*2-AVERAGE(AT250:BA250)*2-'基本数据输入&测算结果'!$C$23*2)/'基本数据输入&测算结果'!$C$21*'基本数据输入&测算结果'!$C$22,"无数据/数据缺失") -> 无数据/数据缺失 | CY250: =IF(CX250<0,0,IF(CX250="无数据/数据缺失",0%,IF(CX250>'基本数据输入&测算结果'!$C$20,100%,CX250/'基本数据输入&测算结果'!$C$20))) -> 0 | CZ250: =IFERROR((AVERAGE(BN250:CS250)*8-'基本数据输入&测算结果'!$C$24*8)/'基本数据输入&测算结果'!$C$21/'基本数据输入&测算结果'!$C$22,"无数据/数据缺失") -> 无数据/数据缺失 | DA250: =IF(CZ250<0,0,IF(CZ250="无数据/数据缺失",0,IF('基本数据输入&测算结果'!$C$20*CY250>CZ250,CZ250/'基本数据输入&测算结果'!$C$20*CY250,CY250))) -> 0 | DB250: =MIN(CU250,CW250)+MIN(CY250,DA250) -> 0
A251: 2025-09-07 | CT251: =IFERROR(('基本数据输入&测算结果'!$C$19*7-AVERAGE(J251:AK251)*7-'基本数据输入&测算结果'!$C$23*7)/'基本数据输入&测算结果'!$C$21*'基本数据输入&测算结果'!$C$22,"无数据/数据缺失") -> 无数据/数据缺失 | CU251: =IF(CT251<0,0,IF(CT251="无数据/数据缺失",0%,IF(CT251>'基本数据输入&测算结果'!$C$20,100%,CT251/'基本数据输入&测算结果'!$C$20))) -> 0 | CV251: =IFERROR((AVERAGE(AL251:AS251)*2-'基本数据输入&测算结果'!$C$24*2)/'基本数据输入&测算结果'!$C$21/'基本数据输入&测算结果'!$C$22,"无数据/数据缺失") -> 无数据/数据缺失 | CW251: =IF(CV251<0,0,IF(CV251="无数据/数据缺失",0%,IF(CV251>'基本数据输入&测算结果'!$C$20*CU251,CU251,CV251/'基本数据输入&测算结果'!$C$20*CU251))) -> 0 | CX251: =IFERROR(('基本数据输入&测算结果'!$C$19*2-AVERAGE(AT251:BA251)*2-'基本数据输入&测算结果'!$C$23*2)/'基本数据输入&测算结果'!$C$21*'基本数据输入&测算结果'!$C$22,"无数据/数据缺失") -> 无数据/数据缺失 | CY251: =IF(CX251<0,0,IF(CX251="无数据/数据缺失",0%,IF(CX251>'基本数据输入&测算结果'!$C$20,100%,CX251/'基本数据输入&测算结果'!$C$20))) -> 0 | CZ251: =IFERROR((AVERAGE(BN251:CS251)*8-'基本数据输入&测算结果'!$C$24*8)/'基本数据输入&测算结果'!$C$21/'基本数据输入&测算结果'!$C$22,"无数据/数据缺失") -> 无数据/数据缺失 | DA251: =IF(CZ251<0,0,IF(CZ251="无数据/数据缺失",0,IF('基本数据输入&测算结果'!$C$20*CY251>CZ251,CZ251/'基本数据输入&测算结果'!$C$20*CY251,CY251))) -> 0 | DB251: =MIN(CU251,CW251)+MIN(CY251,DA251) -> 0
A252: 2025-09-08 | CT252: =IFERROR(('基本数据输入&测算结果'!$C$19*7-AVERAGE(J252:AK252)*7-'基本数据输入&测算结果'!$C$23*7)/'基本数据输入&测算结果'!$C$21*'基本数据输入&测算结果'!$C$22,"无数据/数据缺失") -> 无数据/数据缺失 | CU252: =IF(CT252<0,0,IF(CT252="无数据/数据缺失",0%,IF(CT252>'基本数据输入&测算结果'!$C$20,100%,CT252/'基本数据输入&测算结果'!$C$20))) -> 0 | CV252: =IFERROR((AVERAGE(AL252:AS252)*2-'基本数据输入&测算结果'!$C$24*2)/'基本数据输入&测算结果'!$C$21/'基本数据输入&测算结果'!$C$22,"无数据/数据缺失") -> 无数据/数据缺失 | CW252: =IF(CV252<0,0,IF(CV252="无数据/数据缺失",0%,IF(CV252>'基本数据输入&测算结果'!$C$20*CU252,CU252,CV252/'基本数据输入&测算结果'!$C$20*CU252))) -> 0 | CX252: =IFERROR(('基本数据输入&测算结果'!$C$19*2-AVERAGE(AT252:BA252)*2-'基本数据输入&测算结果'!$C$23*2)/'基本数据输入&测算结果'!$C$21*'基本数据输入&测算结果'!$C$22,"无数据/数据缺失") -> 无数据/数据缺失 | CY252: =IF(CX252<0,0,IF(CX252="无数据/数据缺失",0%,IF(CX252>'基本数据输入&测算结果'!$C$20,100%,CX252/'基本数据输入&测算结果'!$C$20))) -> 0 | CZ252: =IFERROR((AVERAGE(BN252:CS252)*8-'基本数据输入&测算结果'!$C$24*8)/'基本数据输入&测算结果'!$C$21/'基本数据输入&测算结果'!$C$22,"无数据/数据缺失") -> 无数据/数据缺失 | DA252: =IF(CZ252<0,0,IF(CZ252="无数据/数据缺失",0,IF('基本数据输入&测算结果'!$C$20*CY252>CZ252,CZ252/'基本数据输入&测算结果'!$C$20*CY252,CY252))) -> 0 | DB252: =MIN(CU252,CW252)+MIN(CY252,DA252) -> 0
A253: 2025-09-09 | CT253: =IFERROR(('基本数据输入&测算结果'!$C$19*7-AVERAGE(J253:AK253)*7-'基本数据输入&测算结果'!$C$23*7)/'基本数据输入&测算结果'!$C$21*'基本数据输入&测算结果'!$C$22,"无数据/数据缺失") -> 无数据/数据缺失 | CU253: =IF(CT253<0,0,IF(CT253="无数据/数据缺失",0%,IF(CT253>'基本数据输入&测算结果'!$C$20,100%,CT253/'基本数据输入&测算结果'!$C$20))) -> 0 | CV253: =IFERROR((AVERAGE(AL253:AS253)*2-'基本数据输入&测算结果'!$C$24*2)/'基本数据输入&测算结果'!$C$21/'基本数据输入&测算结果'!$C$22,"无数据/数据缺失") -> 无数据/数据缺失 | CW253: =IF(CV253<0,0,IF(CV253="无数据/数据缺失",0%,IF(CV253>'基本数据输入&测算结果'!$C$20*CU253,CU253,CV253/'基本数据输入&测算结果'!$C$20*CU253))) -> 0 | CX253: =IFERROR(('基本数据输入&测算结果'!$C$19*2-AVERAGE(AT253:BA253)*2-'基本数据输入&测算结果'!$C$23*2)/'基本数据输入&测算结果'!$C$21*'基本数据输入&测算结果'!$C$22,"无数据/数据缺失") -> 无数据/数据缺失 | CY253: =IF(CX253<0,0,IF(CX253="无数据/数据缺失",0%,IF(CX253>'基本数据输入&测算结果'!$C$20,100%,CX253/'基本数据输入&测算结果'!$C$20))) -> 0 | CZ253: =IFERROR((AVERAGE(BN253:CS253)*8-'基本数据输入&测算结果'!$C$24*8)/'基本数据输入&测算结果'!$C$21/'基本数据输入&测算结果'!$C$22,"无数据/数据缺失") -> 无数据/数据缺失 | DA253: =IF(CZ253<0,0,IF(CZ253="无数据/数据缺失",0,IF('基本数据输入&测算结果'!$C$20*CY253>CZ253,CZ253/'基本数据输入&测算结果'!$C$20*CY253,CY253))) -> 0 | DB253: =MIN(CU253,CW253)+MIN(CY253,DA253) -> 0
A254: 2025-09-10 | CT254: =IFERROR(('基本数据输入&测算结果'!$C$19*7-AVERAGE(J254:AK254)*7-'基本数据输入&测算结果'!$C$23*7)/'基本数据输入&测算结果'!$C$21*'基本数据输入&测算结果'!$C$22,"无数据/数据缺失") -> 无数据/数据缺失 | CU254: =IF(CT254<0,0,IF(CT254="无数据/数据缺失",0%,IF(CT254>'基本数据输入&测算结果'!$C$20,100%,CT254/'基本数据输入&测算结果'!$C$20))) -> 0 | CV254: =IFERROR((AVERAGE(AL254:AS254)*2-'基本数据输入&测算结果'!$C$24*2)/'基本数据输入&测算结果'!$C$21/'基本数据输入&测算结果'!$C$22,"无数据/数据缺失") -> 无数据/数据缺失 | CW254: =IF(CV254<0,0,IF(CV254="无数据/数据缺失",0%,IF(CV254>'基本数据输入&测算结果'!$C$20*CU254,CU254,CV254/'基本数据输入&测算结果'!$C$20*CU254))) -> 0 | CX254: =IFERROR(('基本数据输入&测算结果'!$C$19*2-AVERAGE(AT254:BA254)*2-'基本数据输入&测算结果'!$C$23*2)/'基本数据输入&测算结果'!$C$21*'基本数据输入&测算结果'!$C$22,"无数据/数据缺失") -> 无数据/数据缺失 | CY254: =IF(CX254<0,0,IF(CX254="无数据/数据缺失",0%,IF(CX254>'基本数据输入&测算结果'!$C$20,100%,CX254/'基本数据输入&测算结果'!$C$20))) -> 0 | CZ254: =IFERROR((AVERAGE(BN254:CS254)*8-'基本数据输入&测算结果'!$C$24*8)/'基本数据输入&测算结果'!$C$21/'基本数据输入&测算结果'!$C$22,"无数据/数据缺失") -> 无数据/数据缺失 | DA254: =IF(CZ254<0,0,IF(CZ254="无数据/数据缺失",0,IF('基本数据输入&测算结果'!$C$20*CY254>CZ254,CZ254/'基本数据输入&测算结果'!$C$20*CY254,CY254))) -> 0 | DB254: =MIN(CU254,CW254)+MIN(CY254,DA254) -> 0
A255: 2025-09-11 | CT255: =IFERROR(('基本数据输入&测算结果'!$C$19*7-AVERAGE(J255:AK255)*7-'基本数据输入&测算结果'!$C$23*7)/'基本数据输入&测算结果'!$C$21*'基本数据输入&测算结果'!$C$22,"无数据/数据缺失") -> 无数据/数据缺失 | CU255: =IF(CT255<0,0,IF(CT255="无数据/数据缺失",0%,IF(CT255>'基本数据输入&测算结果'!$C$20,100%,CT255/'基本数据输入&测算结果'!$C$20))) -> 0 | CV255: =IFERROR((AVERAGE(AL255:AS255)*2-'基本数据输入&测算结果'!$C$24*2)/'基本数据输入&测算结果'!$C$21/'基本数据输入&测算结果'!$C$22,"无数据/数据缺失") -> 无数据/数据缺失 | CW255: =IF(CV255<0,0,IF(CV255="无数据/数据缺失",0%,IF(CV255>'基本数据输入&测算结果'!$C$20*CU255,CU255,CV255/'基本数据输入&测算结果'!$C$20*CU255))) -> 0 | CX255: =IFERROR(('基本数据输入&测算结果'!$C$19*2-AVERAGE(AT255:BA255)*2-'基本数据输入&测算结果'!$C$23*2)/'基本数据输入&测算结果'!$C$21*'基本数据输入&测算结果'!$C$22,"无数据/数据缺失") -> 无数据/数据缺失 | CY255: =IF(CX255<0,0,IF(CX255="无数据/数据缺失",0%,IF(CX255>'基本数据输入&测算结果'!$C$20,100%,CX255/'基本数据输入&测算结果'!$C$20))) -> 0 | CZ255: =IFERROR((AVERAGE(BN255:CS255)*8-'基本数据输入&测算结果'!$C$24*8)/'基本数据输入&测算结果'!$C$21/'基本数据输入&测算结果'!$C$22,"无数据/数据缺失") -> 无数据/数据缺失 | DA255: =IF(CZ255<0,0,IF(CZ255="无数据/数据缺失",0,IF('基本数据输入&测算结果'!$C$20*CY255>CZ255,CZ255/'基本数据输入&测算结果'!$C$20*CY255,CY255))) -> 0 | DB255: =MIN(CU255,CW255)+MIN(CY255,DA255) -> 0
A256: 2025-09-12 | CT256: =IFERROR(('基本数据输入&测算结果'!$C$19*7-AVERAGE(J256:AK256)*7-'基本数据输入&测算结果'!$C$23*7)/'基本数据输入&测算结果'!$C$21*'基本数据输入&测算结果'!$C$22,"无数据/数据缺失") -> 无数据/数据缺失 | CU256: =IF(CT256<0,0,IF(CT256="无数据/数据缺失",0%,IF(CT256>'基本数据输入&测算结果'!$C$20,100%,CT256/'基本数据输入&测算结果'!$C$20))) -> 0 | CV256: =IFERROR((AVERAGE(AL256:AS256)*2-'基本数据输入&测算结果'!$C$24*2)/'基本数据输入&测算结果'!$C$21/'基本数据输入&测算结果'!$C$22,"无数据/数据缺失") -> 无数据/数据缺失 | CW256: =IF(CV256<0,0,IF(CV256="无数据/数据缺失",0%,IF(CV256>'基本数据输入&测算结果'!$C$20*CU256,CU256,CV256/'基本数据输入&测算结果'!$C$20*CU256))) -> 0 | CX256: =IFERROR(('基本数据输入&测算结果'!$C$19*2-AVERAGE(AT256:BA256)*2-'基本数据输入&测算结果'!$C$23*2)/'基本数据输入&测算结果'!$C$21*'基本数据输入&测算结果'!$C$22,"无数据/数据缺失") -> 无数据/数据缺失 | CY256: =IF(CX256<0,0,IF(CX256="无数据/数据缺失",0%,IF(CX256>'基本数据输入&测算结果'!$C$20,100%,CX256/'基本数据输入&测算结果'!$C$20))) -> 0 | CZ256: =IFERROR((AVERAGE(BN256:CS256)*8-'基本数据输入&测算结果'!$C$24*8)/'基本数据输入&测算结果'!$C$21/'基本数据输入&测算结果'!$C$22,"无数据/数据缺失") -> 无数据/数据缺失 | DA256: =IF(CZ256<0,0,IF(CZ256="无数据/数据缺失",0,IF('基本数据输入&测算结果'!$C$20*CY256>CZ256,CZ256/'基本数据输入&测算结果'!$C$20*CY256,CY256))) -> 0 | DB256: =MIN(CU256,CW256)+MIN(CY256,DA256) -> 0
... A274: 2025-09-30 | CT274: =IFERROR(('基本数据输入&测算结果'!$C$19*7-AVERAGE(J274:AK274)*7-'基本数据输入&测算结果'!$C$23*7)/'基本数据输入&测算结果'!$C$21*'基本数据输入&测算结果'!$C$22,"无数据/数据缺失") -> 无数据/数据缺失 | CU274: =IF(CT274<0,0,IF(CT274="无数据/数据缺失",0%,IF(CT274>'基本数据输入&测算结果'!$C$20,100%,CT274/'基本数据输入&测算结果'!$C$20))) -> 0 | CV274: =IFERROR((AVERAGE(AL274:AS274)*2-'基本数据输入&测算结果'!$C$24*2)/'基本数据输入&测算结果'!$C$21/'基本数据输入&测算结果'!$C$22,"无数据/数据缺失") -> 无数据/数据缺失 | CW274: =IF(CV274<0,0,IF(CV274="无数据/数据缺失",0%,IF(CV274>'基本数据输入&测算结果'!$C$20*CU274,CU274,CV274/'基本数据输入&测算结果'!$C$20*CU274))) -> 0 | CX274: =IFERROR(('基本数据输入&测算结果'!$C$19*2-AVERAGE(AT274:BA274)*2-'基本数据输入&测算结果'!$C$23*2)/'基本数据输入&测算结果'!$C$21*'基本数据输入&测算结果'!$C$22,"无数据/数据缺失") -> 无数据/数据缺失 | CY274: =IF(CX274<0,0,IF(CX274="无数据/数据缺失",0%,IF(CX274>'基本数据输入&测算结果'!$C$20,100%,CX274/'基本数据输入&测算结果'!$C$20))) -> 0 | CZ274: =IFERROR((AVERAGE(BN274:CS274)*8-'基本数据输入&测算结果'!$C$24*8)/'基本数据输入&测算结果'!$C$21/'基本数据输入&测算结果'!$C$22,"无数据/数据缺失") -> 无数据/数据缺失 | DA274: =IF(CZ274<0,0,IF(CZ274="无数据/数据缺失",0,IF('基本数据输入&测算结果'!$C$20*CY274>CZ274,CZ274/'基本数据输入&测算结果'!$C$20*CY274,CY274))) -> 0 | DB274: =MIN(CU274,CW274)+MIN(CY274,DA274) -> 0
A275: 2025-10-01 | CT275: =IFERROR(('基本数据输入&测算结果'!$C$19*7-AVERAGE(B275:Y275,CP275:CS275)*7-'基本数据输入&测算结果'!$C$23*7)/'基本数据输入&测算结果'!$C$21*'基本数据输入&测算结果'!$C$22,"无数据/数据缺失") -> 无数据/数据缺失 | CU275: =IF(CT275<0,0,IF(CT275="无数据/数据缺失",0%,IF(CT275>'基本数据输入&测算结果'!$C$20,100%,CT275/'基本数据输入&测算结果'!$C$20))) -> 0 | CV275: =IFERROR((AVERAGE(Z275:AG275)*2-'基本数据输入&测算结果'!$C$24*2)/'基本数据输入&测算结果'!$C$21/'基本数据输入&测算结果'!$C$22,"无数据/数据缺失") -> 无数据/数据缺失 | CW275: =IF(CV275<0,0,IF(CV275="无数据/数据缺失",0%,IF(CV275>'基本数据输入&测算结果'!$C$20*CU275,CU275,CV275/'基本数据输入&测算结果'!$C$20*CU275))) -> 0 | CX275: =IFERROR(('基本数据输入&测算结果'!$C$19*3-AVERAGE(AT275:BE275)*3-'基本数据输入&测算结果'!$C$23*3)/'基本数据输入&测算结果'!$C$21*'基本数据输入&测算结果'!$C$22,"无数据/数据缺失") -> 无数据/数据缺失 | CY275: =IF(CX275<0,0,IF(CX275="无数据/数据缺失",0%,IF(CX275>'基本数据输入&测算结果'!$C$20,100%,CX275/'基本数据输入&测算结果'!$C$20))) -> 0 | CZ275: =IFERROR((AVERAGE(BN275:CK275)*6-'基本数据输入&测算结果'!$C$24*6)/'基本数据输入&测算结果'!$C$21/'基本数据输入&测算结果'!$C$22,"无数据/数据缺失") -> 无数据/数据缺失 | DA275: =IF(CZ275<0,0,IF(CZ275="无数据/数据缺失",0,IF('基本数据输入&测算结果'!$C$20*CY275>CZ275,CZ275/'基本数据输入&测算结果'!$C$20*CY275,CY275))) -> 0 | DB275: =MIN(CU275,CW275)+MIN(CY275,DA275) -> 0
A276: 2025-10-02 | CT276: =IFERROR(('基本数据输入&测算结果'!$C$19*7-AVERAGE(B276:Y276,CP276:CS276)*7-'基本数据输入&测算结果'!$C$23*7)/'基本数据输入&测算结果'!$C$21*'基本数据输入&测算结果'!$C$22,"无数据/数据缺失") -> 无数据/数据缺失 | CU276: =IF(CT276<0,0,IF(CT276="无数据/数据缺失",0%,IF(CT276>'基本数据输入&测算结果'!$C$20,100%,CT276/'基本数据输入&测算结果'!$C$20))) -> 0 | CV276: =IFERROR((AVERAGE(Z276:AG276)*2-'基本数据输入&测算结果'!$C$24*2)/'基本数据输入&测算结果'!$C$21/'基本数据输入&测算结果'!$C$22,"无数据/数据缺失") -> 无数据/数据缺失 | CW276: =IF(CV276<0,0,IF(CV276="无数据/数据缺失",0%,IF(CV276>'基本数据输入&测算结果'!$C$20*CU276,CU276,CV276/'基本数据输入&测算结果'!$C$20*CU276))) -> 0 | CX276: =IFERROR(('基本数据输入&测算结果'!$C$19*3-AVERAGE(AT276:BE276)*3-'基本数据输入&测算结果'!$C$23*3)/'基本数据输入&测算结果'!$C$21*'基本数据输入&测算结果'!$C$22,"无数据/数据缺失") -> 无数据/数据缺失 | CY276: =IF(CX276<0,0,IF(CX276="无数据/数据缺失",0%,IF(CX276>'基本数据输入&测算结果'!$C$20,100%,CX276/'基本数据输入&测算结果'!$C$20))) -> 0 | CZ276: =IFERROR((AVERAGE(BN276:CK276)*6-'基本数据输入&测算结果'!$C$24*6)/'基本数据输入&测算结果'!$C$21/'基本数据输入&测算结果'!$C$22,"无数据/数据缺失") -> 无数据/数据缺失 | DA276: =IF(CZ276<0,0,IF(CZ276="无数据/数据缺失",0,IF('基本数据输入&测算结果'!$C$20*CY276>CZ276,CZ276/'基本数据输入&测算结果'!$C$20*CY276,CY276))) -> 0 | DB276: =MIN(CU276,CW276)+MIN(CY276,DA276) -> 0
A277: 2025-10-03 | CT277: =IFERROR(('基本数据输入&测算结果'!$C$19*7-AVERAGE(B277:Y277,CP277:CS277)*7-'基本数据输入&测算结果'!$C$23*7)/'基本数据输入&测算结果'!$C$21*'基本数据输入&测算结果'!$C$22,"无数据/数据缺失") -> 无数据/数据缺失 | CU277: =IF(CT277<0,0,IF(CT277="无数据/数据缺失",0%,IF(CT277>'基本数据输入&测算结果'!$C$20,100%,CT277/'基本数据输入&测算结果'!$C$20))) -> 0 | CV277: =IFERROR((AVERAGE(Z277:AG277)*2-'基本数据输入&测算结果'!$C$24*2)/'基本数据输入&测算结果'!$C$21/'基本数据输入&测算结果'!$C$22,"无数据/数据缺失") -> 无数据/数据缺失 | CW277: =IF(CV277<0,0,IF(CV277="无数据/数据缺失",0%,IF(CV277>'基本数据输入&测算结果'!$C$20*CU277,CU277,CV277/'基本数据输入&测算结果'!$C$20*CU277))) -> 0 | CX277: =IFERROR(('基本数据输入&测算结果'!$C$19*3-AVERAGE(AT277:BE277)*3-'基本数据输入&测算结果'!$C$23*3)/'基本数据输入&测算结果'!$C$21*'基本数据输入&测算结果'!$C$22,"无数据/数据缺失") -> 无数据/数据缺失 | CY277: =IF(CX277<0,0,IF(CX277="无数据/数据缺失",0%,IF(CX277>'基本数据输入&测算结果'!$C$20,100%,CX277/'基本数据输入&测算结果'!$C$20))) -> 0 | CZ277: =IFERROR((AVERAGE(BN277:CK277)*6-'基本数据输入&测算结果'!$C$24*6)/'基本数据输入&测算结果'!$C$21/'基本数据输入&测算结果'!$C$22,"无数据/数据缺失") -> 无数据/数据缺失 | DA277: =IF(CZ277<0,0,IF(CZ277="无数据/数据缺失",0,IF('基本数据输入&测算结果'!$C$20*CY277>CZ277,CZ277/'基本数据输入&测算结果'!$C$20*CY277,CY277))) -> 0 | DB277: =MIN(CU277,CW277)+MIN(CY277,DA277) -> 0
A278: 2025-10-04 | CT278: =IFERROR(('基本数据输入&测算结果'!$C$19*7-AVERAGE(B278:Y278,CP278:CS278)*7-'基本数据输入&测算结果'!$C$23*7)/'基本数据输入&测算结果'!$C$21*'基本数据输入&测算结果'!$C$22,"无数据/数据缺失") -> 无数据/数据缺失 | CU278: =IF(CT278<0,0,IF(CT278="无数据/数据缺失",0%,IF(CT278>'基本数据输入&测算结果'!$C$20,100%,CT278/'基本数据输入&测算结果'!$C$20))) -> 0 | CV278: =IFERROR((AVERAGE(Z278:AG278)*2-'基本数据输入&测算结果'!$C$24*2)/'基本数据输入&测算结果'!$C$21/'基本数据输入&测算结果'!$C$22,"无数据/数据缺失") -> 无数据/数据缺失 | CW278: =IF(CV278<0,0,IF(CV278="无数据/数据缺失",0%,IF(CV278>'基本数据输入&测算结果'!$C$20*CU278,CU278,CV278/'基本数据输入&测算结果'!$C$20*CU278))) -> 0 | CX278: =IFERROR(('基本数据输入&测算结果'!$C$19*3-AVERAGE(AT278:BE278)*3-'基本数据输入&测算结果'!$C$23*3)/'基本数据输入&测算结果'!$C$21*'基本数据输入&测算结果'!$C$22,"无数据/数据缺失") -> 无数据/数据缺失 | CY278: =IF(CX278<0,0,IF(CX278="无数据/数据缺失",0%,IF(CX278>'基本数据输入&测算结果'!$C$20,100%,CX278/'基本数据输入&测算结果'!$C$20))) -> 0 | CZ278: =IFERROR((AVERAGE(BN278:CK278)*6-'基本数据输入&测算结果'!$C$24*6)/'基本数据输入&测算结果'!$C$21/'基本数据输入&测算结果'!$C$22,"无数据/数据缺失") -> 无数据/数据缺失 | DA278: =IF(CZ278<0,0,IF(CZ278="无数据/数据缺失",0,IF('基本数据输入&测算结果'!$C$20*CY278>CZ278,CZ278/'基本数据输入&测算结果'!$C$20*CY278,CY278))) -> 0 | DB278: =MIN(CU278,CW278)+MIN(CY278,DA278) -> 0
A279: 2025-10-05 | CT279: =IFERROR(('基本数据输入&测算结果'!$C$19*7-AVERAGE(B279:Y279,CP279:CS279)*7-'基本数据输入&测算结果'!$C$23*7)/'基本数据输入&测算结果'!$C$21*'基本数据输入&测算结果'!$C$22,"无数据/数据缺失") -> 无数据/数据缺失 | CU279: =IF(CT279<0,0,IF(CT279="无数据/数据缺失",0%,IF(CT279>'基本数据输入&测算结果'!$C$20,100%,CT279/'基本数据输入&测算结果'!$C$20))) -> 0 | CV279: =IFERROR((AVERAGE(Z279:AG279)*2-'基本数据输入&测算结果'!$C$24*2)/'基本数据输入&测算结果'!$C$21/'基本数据输入&测算结果'!$C$22,"无数据/数据缺失") -> 无数据/数据缺失 | CW279: =IF(CV279<0,0,IF(CV279="无数据/数据缺失",0%,IF(CV279>'基本数据输入&测算结果'!$C$20*CU279,CU279,CV279/'基本数据输入&测算结果'!$C$20*CU279))) -> 0 | CX279: =IFERROR(('基本数据输入&测算结果'!$C$19*3-AVERAGE(AT279:BE279)*3-'基本数据输入&测算结果'!$C$23*3)/'基本数据输入&测算结果'!$C$21*'基本数据输入&测算结果'!$C$22,"无数据/数据缺失") -> 无数据/数据缺失 | CY279: =IF(CX279<0,0,IF(CX279="无数据/数据缺失",0%,IF(CX279>'基本数据输入&测算结果'!$C$20,100%,CX279/'基本数据输入&测算结果'!$C$20))) -> 0 | CZ279: =IFERROR((AVERAGE(BN279:CK279)*6-'基本数据输入&测算结果'!$C$24*6)/'基本数据输入&测算结果'!$C$21/'基本数据输入&测算结果'!$C$22,"无数据/数据缺失") -> 无数据/数据缺失 | DA279: =IF(CZ279<0,0,IF(CZ279="无数据/数据缺失",0,IF('基本数据输入&测算结果'!$C$20*CY279>CZ279,CZ279/'基本数据输入&测算结果'!$C$20*CY279,CY279))) -> 0 | DB279: =MIN(CU279,CW279)+MIN(CY279,DA279) -> 0
A280: 2025-10-06 | CT280: =IFERROR(('基本数据输入&测算结果'!$C$19*7-AVERAGE(B280:Y280,CP280:CS280)*7-'基本数据输入&测算结果'!$C$23*7)/'基本数据输入&测算结果'!$C$21*'基本数据输入&测算结果'!$C$22,"无数据/数据缺失") -> 无数据/数据缺失 | CU280: =IF(CT280<0,0,IF(CT280="无数据/数据缺失",0%,IF(CT280>'基本数据输入&测算结果'!$C$20,100%,CT280/'基本数据输入&测算结果'!$C$20))) -> 0 | CV280: =IFERROR((AVERAGE(Z280:AG280)*2-'基本数据输入&测算结果'!$C$24*2)/'基本数据输入&测算结果'!$C$21/'基本数据输入&测算结果'!$C$22,"无数据/数据缺失") -> 无数据/数据缺失 | CW280: =IF(CV280<0,0,IF(CV280="无数据/数据缺失",0%,IF(CV280>'基本数据输入&测算结果'!$C$20*CU280,CU280,CV280/'基本数据输入&测算结果'!$C$20*CU280))) -> 0 | CX280: =IFERROR(('基本数据输入&测算结果'!$C$19*3-AVERAGE(AT280:BE280)*3-'基本数据输入&测算结果'!$C$23*3)/'基本数据输入&测算结果'!$C$21*'基本数据输入&测算结果'!$C$22,"无数据/数据缺失") -> 无数据/数据缺失 | CY280: =IF(CX280<0,0,IF(CX280="无数据/数据缺失",0%,IF(CX280>'基本数据输入&测算结果'!$C$20,100%,CX280/'基本数据输入&测算结果'!$C$20))) -> 0 | CZ280: =IFERROR((AVERAGE(BN280:CK280)*6-'基本数据输入&测算结果'!$C$24*6)/'基本数据输入&测算结果'!$C$21/'基本数据输入&测算结果'!$C$22,"无数据/数据缺失") -> 无数据/数据缺失 | DA280: =IF(CZ280<0,0,IF(CZ280="无数据/数据缺失",0,IF('基本数据输入&测算结果'!$C$20*CY280>CZ280,CZ280/'基本数据输入&测算结果'!$C$20*CY280,CY280))) -> 0 | DB280: =MIN(CU280,CW280)+MIN(CY280,DA280) -> 0
A281: 2025-10-07 | CT281: =IFERROR(('基本数据输入&测算结果'!$C$19*7-AVERAGE(B281:Y281,CP281:CS281)*7-'基本数据输入&测算结果'!$C$23*7)/'基本数据输入&测算结果'!$C$21*'基本数据输入&测算结果'!$C$22,"无数据/数据缺失") -> 无数据/数据缺失 | CU281: =IF(CT281<0,0,IF(CT281="无数据/数据缺失",0%,IF(CT281>'基本数据输入&测算结果'!$C$20,100%,CT281/'基本数据输入&测算结果'!$C$20))) -> 0 | CV281: =IFERROR((AVERAGE(Z281:AG281)*2-'基本数据输入&测算结果'!$C$24*2)/'基本数据输入&测算结果'!$C$21/'基本数据输入&测算结果'!$C$22,"无数据/数据缺失") -> 无数据/数据缺失 | CW281: =IF(CV281<0,0,IF(CV281="无数据/数据缺失",0%,IF(CV281>'基本数据输入&测算结果'!$C$20*CU281,CU281,CV281/'基本数据输入&测算结果'!$C$20*CU281))) -> 0 | CX281: =IFERROR(('基本数据输入&测算结果'!$C$19*3-AVERAGE(AT281:BE281)*3-'基本数据输入&测算结果'!$C$23*3)/'基本数据输入&测算结果'!$C$21*'基本数据输入&测算结果'!$C$22,"无数据/数据缺失") -> 无数据/数据缺失 | CY281: =IF(CX281<0,0,IF(CX281="无数据/数据缺失",0%,IF(CX281>'基本数据输入&测算结果'!$C$20,100%,CX281/'基本数据输入&测算结果'!$C$20))) -> 0 | CZ281: =IFERROR((AVERAGE(BN281:CK281)*6-'基本数据输入&测算结果'!$C$24*6)/'基本数据输入&测算结果'!$C$21/'基本数据输入&测算结果'!$C$22,"无数据/数据缺失") -> 无数据/数据缺失 | DA281: =IF(CZ281<0,0,IF(CZ281="无数据/数据缺失",0,IF('基本数据输入&测算结果'!$C$20*CY281>CZ281,CZ281/'基本数据输入&测算结果'!$C$20*CY281,CY281))) -> 0 | DB281: =MIN(CU281,CW281)+MIN(CY281,DA281) -> 0
A282: 2025-10-08 | CT282: =IFERROR(('基本数据输入&测算结果'!$C$19*7-AVERAGE(B282:Y282,CP282:CS282)*7-'基本数据输入&测算结果'!$C$23*7)/'基本数据输入&测算结果'!$C$21*'基本数据输入&测算结果'!$C$22,"无数据/数据缺失") -> 无数据/数据缺失 | CU282: =IF(CT282<0,0,IF(CT282="无数据/数据缺失",0%,IF(CT282>'基本数据输入&测算结果'!$C$20,100%,CT282/'基本数据输入&测算结果'!$C$20))) -> 0 | CV282: =IFERROR((AVERAGE(Z282:AG282)*2-'基本数据输入&测算结果'!$C$24*2)/'基本数据输入&测算结果'!$C$21/'基本数据输入&测算结果'!$C$22,"无数据/数据缺失") -> 无数据/数据缺失 | CW282: =IF(CV282<0,0,IF(CV282="无数据/数据缺失",0%,IF(CV282>'基本数据输入&测算结果'!$C$20*CU282,CU282,CV282/'基本数据输入&测算结果'!$C$20*CU282))) -> 0 | CX282: =IFERROR(('基本数据输入&测算结果'!$C$19*3-AVERAGE(AT282:BE282)*3-'基本数据输入&测算结果'!$C$23*3)/'基本数据输入&测算结果'!$C$21*'基本数据输入&测算结果'!$C$22,"无数据/数据缺失") -> 无数据/数据缺失 | CY282: =IF(CX282<0,0,IF(CX282="无数据/数据缺失",0%,IF(CX282>'基本数据输入&测算结果'!$C$20,100%,CX282/'基本数据输入&测算结果'!$C$20))) -> 0 | CZ282: =IFERROR((AVERAGE(BN282:CK282)*6-'基本数据输入&测算结果'!$C$24*6)/'基本数据输入&测算结果'!$C$21/'基本数据输入&测算结果'!$C$22,"无数据/数据缺失") -> 无数据/数据缺失 | DA282: =IF(CZ282<0,0,IF(CZ282="无数据/数据缺失",0,IF('基本数据输入&测算结果'!$C$20*CY282>CZ282,CZ282/'基本数据输入&测算结果'!$C$20*CY282,CY282))) -> 0 | DB282: =MIN(CU282,CW282)+MIN(CY282,DA282) -> 0
A283: 2025-10-09 | CT283: =IFERROR(('基本数据输入&测算结果'!$C$19*7-AVERAGE(B283:Y283,CP283:CS283)*7-'基本数据输入&测算结果'!$C$23*7)/'基本数据输入&测算结果'!$C$21*'基本数据输入&测算结果'!$C$22,"无数据/数据缺失") -> 无数据/数据缺失 | CU283: =IF(CT283<0,0,IF(CT283="无数据/数据缺失",0%,IF(CT283>'基本数据输入&测算结果'!$C$20,100%,CT283/'基本数据输入&测算结果'!$C$20))) -> 0 | CV283: =IFERROR((AVERAGE(Z283:AG283)*2-'基本数据输入&测算结果'!$C$24*2)/'基本数据输入&测算结果'!$C$21/'基本数据输入&测算结果'!$C$22,"无数据/数据缺失") -> 无数据/数据缺失 | CW283: =IF(CV283<0,0,IF(CV283="无数据/数据缺失",0%,IF(CV283>'基本数据输入&测算结果'!$C$20*CU283,CU283,CV283/'基本数据输入&测算结果'!$C$20*CU283))) -> 0 | CX283: =IFERROR(('基本数据输入&测算结果'!$C$19*3-AVERAGE(AT283:BE283)*3-'基本数据输入&测算结果'!$C$23*3)/'基本数据输入&测算结果'!$C$21*'基本数据输入&测算结果'!$C$22,"无数据/数据缺失") -> 无数据/数据缺失 | CY283: =IF(CX283<0,0,IF(CX283="无数据/数据缺失",0%,IF(CX283>'基本数据输入&测算结果'!$C$20,100%,CX283/'基本数据输入&测算结果'!$C$20))) -> 0 | CZ283: =IFERROR((AVERAGE(BN283:CK283)*6-'基本数据输入&测算结果'!$C$24*6)/'基本数据输入&测算结果'!$C$21/'基本数据输入&测算结果'!$C$22,"无数据/数据缺失") -> 无数据/数据缺失 | DA283: =IF(CZ283<0,0,IF(CZ283="无数据/数据缺失",0,IF('基本数据输入&测算结果'!$C$20*CY283>CZ283,CZ283/'基本数据输入&测算结果'!$C$20*CY283,CY283))) -> 0 | DB283: =MIN(CU283,CW283)+MIN(CY283,DA283) -> 0
A284: 2025-10-10 | CT284: =IFERROR(('基本数据输入&测算结果'!$C$19*7-AVERAGE(B284:Y284,CP284:CS284)*7-'基本数据输入&测算结果'!$C$23*7)/'基本数据输入&测算结果'!$C$21*'基本数据输入&测算结果'!$C$22,"无数据/数据缺失") -> 无数据/数据缺失 | CU284: =IF(CT284<0,0,IF(CT284="无数据/数据缺失",0%,IF(CT284>'基本数据输入&测算结果'!$C$20,100%,CT284/'基本数据输入&测算结果'!$C$20))) -> 0 | CV284: =IFERROR((AVERAGE(Z284:AG284)*2-'基本数据输入&测算结果'!$C$24*2)/'基本数据输入&测算结果'!$C$21/'基本数据输入&测算结果'!$C$22,"无数据/数据缺失") -> 无数据/数据缺失 | CW284: =IF(CV284<0,0,IF(CV284="无数据/数据缺失",0%,IF(CV284>'基本数据输入&测算结果'!$C$20*CU284,CU284,CV284/'基本数据输入&测算结果'!$C$20*CU284))) -> 0 | CX284: =IFERROR(('基本数据输入&测算结果'!$C$19*3-AVERAGE(AT284:BE284)*3-'基本数据输入&测算结果'!$C$23*3)/'基本数据输入&测算结果'!$C$21*'基本数据输入&测算结果'!$C$22,"无数据/数据缺失") -> 无数据/数据缺失 | CY284: =IF(CX284<0,0,IF(CX284="无数据/数据缺失",0%,IF(CX284>'基本数据输入&测算结果'!$C$20,100%,CX284/'基本数据输入&测算结果'!$C$20))) -> 0 | CZ284: =IFERROR((AVERAGE(BN284:CK284)*6-'基本数据输入&测算结果'!$C$24*6)/'基本数据输入&测算结果'!$C$21/'基本数据输入&测算结果'!$C$22,"无数据/数据缺失") -> 无数据/数据缺失 | DA284: =IF(CZ284<0,0,IF(CZ284="无数据/数据缺失",0,IF('基本数据输入&测算结果'!$C$20*CY284>CZ284,CZ284/'基本数据输入&测算结果'!$C$20*CY284,CY284))) -> 0 | DB284: =MIN(CU284,CW284)+MIN(CY284,DA284) -> 0
A285: 2025-10-11 | CT285: =IFERROR(('基本数据输入&测算结果'!$C$19*7-AVERAGE(B285:Y285,CP285:CS285)*7-'基本数据输入&测算结果'!$C$23*7)/'基本数据输入&测算结果'!$C$21*'基本数据输入&测算结果'!$C$22,"无数据/数据缺失") -> 无数据/数据缺失 | CU285: =IF(CT285<0,0,IF(CT285="无数据/数据缺失",0%,IF(CT285>'基本数据输入&测算结果'!$C$20,100%,CT285/'基本数据输入&测算结果'!$C$20))) -> 0 | CV285: =IFERROR((AVERAGE(Z285:AG285)*2-'基本数据输入&测算结果'!$C$24*2)/'基本数据输入&测算结果'!$C$21/'基本数据输入&测算结果'!$C$22,"无数据/数据缺失") -> 无数据/数据缺失 | CW285: =IF(CV285<0,0,IF(CV285="无数据/数据缺失",0%,IF(CV285>'基本数据输入&测算结果'!$C$20*CU285,CU285,CV285/'基本数据输入&测算结果'!$C$20*CU285))) -> 0 | CX285: =IFERROR(('基本数据输入&测算结果'!$C$19*3-AVERAGE(AT285:BE285)*3-'基本数据输入&测算结果'!$C$23*3)/'基本数据输入&测算结果'!$C$21*'基本数据输入&测算结果'!$C$22,"无数据/数据缺失") -> 无数据/数据缺失 | CY285: =IF(CX285<0,0,IF(CX285="无数据/数据缺失",0%,IF(CX285>'基本数据输入&测算结果'!$C$20,100%,CX285/'基本数据输入&测算结果'!$C$20))) -> 0 | CZ285: =IFERROR((AVERAGE(BN285:CK285)*6-'基本数据输入&测算结果'!$C$24*6)/'基本数据输入&测算结果'!$C$21/'基本数据输入&测算结果'!$C$22,"无数据/数据缺失") -> 无数据/数据缺失 | DA285: =IF(CZ285<0,0,IF(CZ285="无数据/数据缺失",0,IF('基本数据输入&测算结果'!$C$20*CY285>CZ285,CZ285/'基本数据输入&测算结果'!$C$20*CY285,CY285))) -> 0 | DB285: =MIN(CU285,CW285)+MIN(CY285,DA285) -> 0
A286: 2025-10-12 | CT286: =IFERROR(('基本数据输入&测算结果'!$C$19*7-AVERAGE(B286:Y286,CP286:CS286)*7-'基本数据输入&测算结果'!$C$23*7)/'基本数据输入&测算结果'!$C$21*'基本数据输入&测算结果'!$C$22,"无数据/数据缺失") -> 无数据/数据缺失 | CU286: =IF(CT286<0,0,IF(CT286="无数据/数据缺失",0%,IF(CT286>'基本数据输入&测算结果'!$C$20,100%,CT286/'基本数据输入&测算结果'!$C$20))) -> 0 | CV286: =IFERROR((AVERAGE(Z286:AG286)*2-'基本数据输入&测算结果'!$C$24*2)/'基本数据输入&测算结果'!$C$21/'基本数据输入&测算结果'!$C$22,"无数据/数据缺失") -> 无数据/数据缺失 | CW286: =IF(CV286<0,0,IF(CV286="无数据/数据缺失",0%,IF(CV286>'基本数据输入&测算结果'!$C$20*CU286,CU286,CV286/'基本数据输入&测算结果'!$C$20*CU286))) -> 0 | CX286: =IFERROR(('基本数据输入&测算结果'!$C$19*3-AVERAGE(AT286:BE286)*3-'基本数据输入&测算结果'!$C$23*3)/'基本数据输入&测算结果'!$C$21*'基本数据输入&测算结果'!$C$22,"无数据/数据缺失") -> 无数据/数据缺失 | CY286: =IF(CX286<0,0,IF(CX286="无数据/数据缺失",0%,IF(CX286>'基本数据输入&测算结果'!$C$20,100%,CX286/'基本数据输入&测算结果'!$C$20))) -> 0 | CZ286: =IFERROR((AVERAGE(BN286:CK286)*6-'基本数据输入&测算结果'!$C$24*6)/'基本数据输入&测算结果'!$C$21/'基本数据输入&测算结果'!$C$22,"无数据/数据缺失") -> 无数据/数据缺失 | DA286: =IF(CZ286<0,0,IF(CZ286="无数据/数据缺失",0,IF('基本数据输入&测算结果'!$C$20*CY286>CZ286,CZ286/'基本数据输入&测算结果'!$C$20*CY286,CY286))) -> 0 | DB286: =MIN(CU286,CW286)+MIN(CY286,DA286) -> 0
... A293: 2025-10-19 | CT293: =IFERROR(('基本数据输入&测算结果'!$C$19*7-AVERAGE(B293:Y293,CP293:CS293)*7-'基本数据输入&测算结果'!$C$23*7)/'基本数据输入&测算结果'!$C$21*'基本数据输入&测算结果'!$C$22,"无数据/数据缺失") -> 无数据/数据缺失 | CU293: =IF(CT293<0,0,IF(CT293="无数据/数据缺失",0%,IF(CT293>'基本数据输入&测算结果'!$C$20,100%,CT293/'基本数据输入&测算结果'!$C$20))) -> 0 | CV293: =IFERROR((AVERAGE(Z293:AG293)*2-'基本数据输入&测算结果'!$C$24*2)/'基本数据输入&测算结果'!$C$21/'基本数据输入&测算结果'!$C$22,"无数据/数据缺失") -> 无数据/数据缺失 | CW293: =IF(CV293<0,0,IF(CV293="无数据/数据缺失",0%,IF(CV293>'基本数据输入&测算结果'!$C$20*CU293,CU293,CV293/'基本数据输入&测算结果'!$C$20*CU293))) -> 0 | CX293: =IFERROR(('基本数据输入&测算结果'!$C$19*3-AVERAGE(AT293:BE293)*3-'基本数据输入&测算结果'!$C$23*3)/'基本数据输入&测算结果'!$C$21*'基本数据输入&测算结果'!$C$22,"无数据/数据缺失") -> 无数据/数据缺失 | CY293: =IF(CX293<0,0,IF(CX293="无数据/数据缺失",0%,IF(CX293>'基本数据输入&测算结果'!$C$20,100%,CX293/'基本数据输入&测算结果'!$C$20))) -> 0 | CZ293: =IFERROR((AVERAGE(BN293:CK293)*6-'基本数据输入&测算结果'!$C$24*6)/'基本数据输入&测算结果'!$C$21/'基本数据输入&测算结果'!$C$22,"无数据/数据缺失") -> 无数据/数据缺失 | DA293: =IF(CZ293<0,0,IF(CZ293="无数据/数据缺失",0,IF('基本数据输入&测算结果'!$C$20*CY293>CZ293,CZ293/'基本数据输入&测算结果'!$C$20*CY293,CY293))) -> 0 | DB293: =MIN(CU293,CW293)+MIN(CY293,DA293) -> 0
A294: 45219 | CT294: =IFERROR(('基本数据输入&测算结果'!$C$19*7-AVERAGE(B294:Y294,CP294:CS294)*7-'基本数据输入&测算结果'!$C$23*7)/'基本数据输入&测算结果'!$C$21*'基本数据输入&测算结果'!$C$22,"无数据/数据缺失") -> 无数据/数据缺失 | CU294: =IF(CT294<0,0,IF(CT294="无数据/数据缺失",0%,IF(CT294>'基本数据输入&测算结果'!$C$20,100%,CT294/'基本数据输入&测算结果'!$C$20))) -> 0 | CV294: =IFERROR((AVERAGE(Z294:AG294)*2-'基本数据输入&测算结果'!$C$24*2)/'基本数据输入&测算结果'!$C$21/'基本数据输入&测算结果'!$C$22,"无数据/数据缺失") -> 无数据/数据缺失 | CW294: =IF(CV294<0,0,IF(CV294="无数据/数据缺失",0%,IF(CV294>'基本数据输入&测算结果'!$C$20*CU294,CU294,CV294/'基本数据输入&测算结果'!$C$20*CU294))) -> 0 | CX294: =IFERROR(('基本数据输入&测算结果'!$C$19*3-AVERAGE(AT294:BE294)*3-'基本数据输入&测算结果'!$C$23*3)/'基本数据输入&测算结果'!$C$21*'基本数据输入&测算结果'!$C$22,"无数据/数据缺失") -> 无数据/数据缺失 | CY294: =IF(CX294<0,0,IF(CX294="无数据/数据缺失",0%,IF(CX294>'基本数据输入&测算结果'!$C$20,100%,CX294/'基本数据输入&测算结果'!$C$20))) -> 0 | CZ294: =IFERROR((AVERAGE(BN294:CK294)*6-'基本数据输入&测算结果'!$C$24*6)/'基本数据输入&测算结果'!$C$21/'基本数据输入&测算结果'!$C$22,"无数据/数据缺失") -> 无数据/数据缺失 | DA294: =IF(CZ294<0,0,IF(CZ294="无数据/数据缺失",0,IF('基本数据输入&测算结果'!$C$20*CY294>CZ294,CZ294/'基本数据输入&测算结果'!$C$20*CY294,CY294))) -> 0 | DB294: =MIN(CU294,CW294)+MIN(CY294,DA294) -> 0
A295: 45220 | CT295: =IFERROR(('基本数据输入&测算结果'!$C$19*7-AVERAGE(B295:Y295,CP295:CS295)*7-'基本数据输入&测算结果'!$C$23*7)/'基本数据输入&测算结果'!$C$21*'基本数据输入&测算结果'!$C$22,"无数据/数据缺失") -> 无数据/数据缺失 | CU295: =IF(CT295<0,0,IF(CT295="无数据/数据缺失",0%,IF(CT295>'基本数据输入&测算结果'!$C$20,100%,CT295/'基本数据输入&测算结果'!$C$20))) -> 0 | CV295: =IFERROR((AVERAGE(Z295:AG295)*2-'基本数据输入&测算结果'!$C$24*2)/'基本数据输入&测算结果'!$C$21/'基本数据输入&测算结果'!$C$22,"无数据/数据缺失") -> 无数据/数据缺失 | CW295: =IF(CV295<0,0,IF(CV295="无数据/数据缺失",0%,IF(CV295>'基本数据输入&测算结果'!$C$20*CU295,CU295,CV295/'基本数据输入&测算结果'!$C$20*CU295))) -> 0 | CX295: =IFERROR(('基本数据输入&测算结果'!$C$19*3-AVERAGE(AT295:BE295)*3-'基本数据输入&测算结果'!$C$23*3)/'基本数据输入&测算结果'!$C$21*'基本数据输入&测算结果'!$C$22,"无数据/数据缺失") -> 无数据/数据缺失 | CY295: =IF(CX295<0,0,IF(CX295="无数据/数据缺失",0%,IF(CX295>'基本数据输入&测算结果'!$C$20,100%,CX295/'基本数据输入&测算结果'!$C$20))) -> 0 | CZ295: =IFERROR((AVERAGE(BN295:CK295)*6-'基本数据输入&测算结果'!$C$24*6)/'基本数据输入&测算结果'!$C$21/'基本数据输入&测算结果'!$C$22,"无数据/数据缺失") -> 无数据/数据缺失 | DA295: =IF(CZ295<0,0,IF(CZ295="无数据/数据缺失",0,IF('基本数据输入&测算结果'!$C$20*CY295>CZ295,CZ295/'基本数据输入&测算结果'!$C$20*CY295,CY295))) -> 0 | DB295: =MIN(CU295,CW295)+MIN(CY295,DA295) -> 0
A296: 45221 | CT296: =IFERROR(('基本数据输入&测算结果'!$C$19*7-AVERAGE(B296:Y296,CP296:CS296)*7-'基本数据输入&测算结果'!$C$23*7)/'基本数据输入&测算结果'!$C$21*'基本数据输入&测算结果'!$C$22,"无数据/数据缺失") -> 无数据/数据缺失 | CU296: =IF(CT296<0,0,IF(CT296="无数据/数据缺失",0%,IF(CT296>'基本数据输入&测算结果'!$C$20,100%,CT296/'基本数据输入&测算结果'!$C$20))) -> 0 | CV296: =IFERROR((AVERAGE(Z296:AG296)*2-'基本数据输入&测算结果'!$C$24*2)/'基本数据输入&测算结果'!$C$21/'基本数据输入&测算结果'!$C$22,"无数据/数据缺失") -> 无数据/数据缺失 | CW296: =IF(CV296<0,0,IF(CV296="无数据/数据缺失",0%,IF(CV296>'基本数据输入&测算结果'!$C$20*CU296,CU296,CV296/'基本数据输入&测算结果'!$C$20*CU296))) -> 0 | CX296: =IFERROR(('基本数据输入&测算结果'!$C$19*3-AVERAGE(AT296:BE296)*3-'基本数据输入&测算结果'!$C$23*3)/'基本数据输入&测算结果'!$C$21*'基本数据输入&测算结果'!$C$22,"无数据/数据缺失") -> 无数据/数据缺失 | CY296: =IF(CX296<0,0,IF(CX296="无数据/数据缺失",0%,IF(CX296>'基本数据输入&测算结果'!$C$20,100%,CX296/'基本数据输入&测算结果'!$C$20))) -> 0 | CZ296: =IFERROR((AVERAGE(BN296:CK296)*6-'基本数据输入&测算结果'!$C$24*6)/'基本数据输入&测算结果'!$C$21/'基本数据输入&测算结果'!$C$22,"无数据/数据缺失") -> 无数据/数据缺失 | DA296: =IF(CZ296<0,0,IF(CZ296="无数据/数据缺失",0,IF('基本数据输入&测算结果'!$C$20*CY296>CZ296,CZ296/'基本数据输入&测算结果'!$C$20*CY296,CY296))) -> 0 | DB296: =MIN(CU296,CW296)+MIN(CY296,DA296) -> 0
A297: 45222 | CT297: =IFERROR(('基本数据输入&测算结果'!$C$19*7-AVERAGE(B297:Y297,CP297:CS297)*7-'基本数据输入&测算结果'!$C$23*7)/'基本数据输入&测算结果'!$C$21*'基本数据输入&测算结果'!$C$22,"无数据/数据缺失") -> 无数据/数据缺失 | CU297: =IF(CT297<0,0,IF(CT297="无数据/数据缺失",0%,IF(CT297>'基本数据输入&测算结果'!$C$20,100%,CT297/'基本数据输入&测算结果'!$C$20))) -> 0 | CV297: =IFERROR((AVERAGE(Z297:AG297)*2-'基本数据输入&测算结果'!$C$24*2)/'基本数据输入&测算结果'!$C$21/'基本数据输入&测算结果'!$C$22,"无数据/数据缺失") -> 无数据/数据缺失 | CW297: =IF(CV297<0,0,IF(CV297="无数据/数据缺失",0%,IF(CV297>'基本数据输入&测算结果'!$C$20*CU297,CU297,CV297/'基本数据输入&测算结果'!$C$20*CU297))) -> 0 | CX297: =IFERROR(('基本数据输入&测算结果'!$C$19*3-AVERAGE(AT297:BE297)*3-'基本数据输入&测算结果'!$C$23*3)/'基本数据输入&测算结果'!$C$21*'基本数据输入&测算结果'!$C$22,"无数据/数据缺失") -> 无数据/数据缺失 | CY297: =IF(CX297<0,0,IF(CX297="无数据/数据缺失",0%,IF(CX297>'基本数据输入&测算结果'!$C$20,100%,CX297/'基本数据输入&测算结果'!$C$20))) -> 0 | CZ297: =IFERROR((AVERAGE(BN297:CK297)*6-'基本数据输入&测算结果'!$C$24*6)/'基本数据输入&测算结果'!$C$21/'基本数据输入&测算结果'!$C$22,"无数据/数据缺失") -> 无数据/数据缺失 | DA297: =IF(CZ297<0,0,IF(CZ297="无数据/数据缺失",0,IF('基本数据输入&测算结果'!$C$20*CY297>CZ297,CZ297/'基本数据输入&测算结果'!$C$20*CY297,CY297))) -> 0 | DB297: =MIN(CU297,CW297)+MIN(CY297,DA297) -> 0
A298: 45223 | CT298: =IFERROR(('基本数据输入&测算结果'!$C$19*7-AVERAGE(B298:Y298,CP298:CS298)*7-'基本数据输入&测算结果'!$C$23*7)/'基本数据输入&测算结果'!$C$21*'基本数据输入&测算结果'!$C$22,"无数据/数据缺失") -> 无数据/数据缺失 | CU298: =IF(CT298<0,0,IF(CT298="无数据/数据缺失",0%,IF(CT298>'基本数据输入&测算结果'!$C$20,100%,CT298/'基本数据输入&测算结果'!$C$20))) -> 0 | CV298: =IFERROR((AVERAGE(Z298:AG298)*2-'基本数据输入&测算结果'!$C$24*2)/'基本数据输入&测算结果'!$C$21/'基本数据输入&测算结果'!$C$22,"无数据/数据缺失") -> 无数据/数据缺失 | CW298: =IF(CV298<0,0,IF(CV298="无数据/数据缺失",0%,IF(CV298>'基本数据输入&测算结果'!$C$20*CU298,CU298,CV298/'基本数据输入&测算结果'!$C$20*CU298))) -> 0 | CX298: =IFERROR(('基本数据输入&测算结果'!$C$19*3-AVERAGE(AT298:BE298)*3-'基本数据输入&测算结果'!$C$23*3)/'基本数据输入&测算结果'!$C$21*'基本数据输入&测算结果'!$C$22,"无数据/数据缺失") -> 无数据/数据缺失 | CY298: =IF(CX298<0,0,IF(CX298="无数据/数据缺失",0%,IF(CX298>'基本数据输入&测算结果'!$C$20,100%,CX298/'基本数据输入&测算结果'!$C$20))) -> 0 | CZ298: =IFERROR((AVERAGE(BN298:CK298)*6-'基本数据输入&测算结果'!$C$24*6)/'基本数据输入&测算结果'!$C$21/'基本数据输入&测算结果'!$C$22,"无数据/数据缺失") -> 无数据/数据缺失 | DA298: =IF(CZ298<0,0,IF(CZ298="无数据/数据缺失",0,IF('基本数据输入&测算结果'!$C$20*CY298>CZ298,CZ298/'基本数据输入&测算结果'!$C$20*CY298,CY298))) -> 0 | DB298: =MIN(CU298,CW298)+MIN(CY298,DA298) -> 0
A299: 45224 | CT299: =IFERROR(('基本数据输入&测算结果'!$C$19*7-AVERAGE(B299:Y299,CP299:CS299)*7-'基本数据输入&测算结果'!$C$23*7)/'基本数据输入&测算结果'!$C$21*'基本数据输入&测算结果'!$C$22,"无数据/数据缺失") -> 无数据/数据缺失 | CU299: =IF(CT299<0,0,IF(CT299="无数据/数据缺失",0%,IF(CT299>'基本数据输入&测算结果'!$C$20,100%,CT299/'基本数据输入&测算结果'!$C$20))) -> 0 | CV299: =IFERROR((AVERAGE(Z299:AG299)*2-'基本数据输入&测算结果'!$C$24*2)/'基本数据输入&测算结果'!$C$21/'基本数据输入&测算结果'!$C$22,"无数据/数据缺失") -> 无数据/数据缺失 | CW299: =IF(CV299<0,0,IF(CV299="无数据/数据缺失",0%,IF(CV299>'基本数据输入&测算结果'!$C$20*CU299,CU299,CV299/'基本数据输入&测算结果'!$C$20*CU299))) -> 0 | CX299: =IFERROR(('基本数据输入&测算结果'!$C$19*3-AVERAGE(AT299:BE299)*3-'基本数据输入&测算结果'!$C$23*3)/'基本数据输入&测算结果'!$C$21*'基本数据输入&测算结果'!$C$22,"无数据/数据缺失") -> 无数据/数据缺失 | CY299: =IF(CX299<0,0,IF(CX299="无数据/数据缺失",0%,IF(CX299>'基本数据输入&测算结果'!$C$20,100%,CX299/'基本数据输入&测算结果'!$C$20))) -> 0 | CZ299: =IFERROR((AVERAGE(BN299:CK299)*6-'基本数据输入&测算结果'!$C$24*6)/'基本数据输入&测算结果'!$C$21/'基本数据输入&测算结果'!$C$22,"无数据/数据缺失") -> 无数据/数据缺失 | DA299: =IF(CZ299<0,0,IF(CZ299="无数据/数据缺失",0,IF('基本数据输入&测算结果'!$C$20*CY299>CZ299,CZ299/'基本数据输入&测算结果'!$C$20*CY299,CY299))) -> 0 | DB299: =MIN(CU299,CW299)+MIN(CY299,DA299) -> 0
A300: 45225 | CT300: =IFERROR(('基本数据输入&测算结果'!$C$19*7-AVERAGE(B300:Y300,CP300:CS300)*7-'基本数据输入&测算结果'!$C$23*7)/'基本数据输入&测算结果'!$C$21*'基本数据输入&测算结果'!$C$22,"无数据/数据缺失") -> 无数据/数据缺失 | CU300: =IF(CT300<0,0,IF(CT300="无数据/数据缺失",0%,IF(CT300>'基本数据输入&测算结果'!$C$20,100%,CT300/'基本数据输入&测算结果'!$C$20))) -> 0 | CV300: =IFERROR((AVERAGE(Z300:AG300)*2-'基本数据输入&测算结果'!$C$24*2)/'基本数据输入&测算结果'!$C$21/'基本数据输入&测算结果'!$C$22,"无数据/数据缺失") -> 无数据/数据缺失 | CW300: =IF(CV300<0,0,IF(CV300="无数据/数据缺失",0%,IF(CV300>'基本数据输入&测算结果'!$C$20*CU300,CU300,CV300/'基本数据输入&测算结果'!$C$20*CU300))) -> 0 | CX300: =IFERROR(('基本数据输入&测算结果'!$C$19*3-AVERAGE(AT300:BE300)*3-'基本数据输入&测算结果'!$C$23*3)/'基本数据输入&测算结果'!$C$21*'基本数据输入&测算结果'!$C$22,"无数据/数据缺失") -> 无数据/数据缺失 | CY300: =IF(CX300<0,0,IF(CX300="无数据/数据缺失",0%,IF(CX300>'基本数据输入&测算结果'!$C$20,100%,CX300/'基本数据输入&测算结果'!$C$20))) -> 0 | CZ300: =IFERROR((AVERAGE(BN300:CK300)*6-'基本数据输入&测算结果'!$C$24*6)/'基本数据输入&测算结果'!$C$21/'基本数据输入&测算结果'!$C$22,"无数据/数据缺失") -> 无数据/数据缺失 | DA300: =IF(CZ300<0,0,IF(CZ300="无数据/数据缺失",0,IF('基本数据输入&测算结果'!$C$20*CY300>CZ300,CZ300/'基本数据输入&测算结果'!$C$20*CY300,CY300))) -> 0 | DB300: =MIN(CU300,CW300)+MIN(CY300,DA300) -> 0
A301: 45226 | CT301: =IFERROR(('基本数据输入&测算结果'!$C$19*7-AVERAGE(B301:Y301,CP301:CS301)*7-'基本数据输入&测算结果'!$C$23*7)/'基本数据输入&测算结果'!$C$21*'基本数据输入&测算结果'!$C$22,"无数据/数据缺失") -> 无数据/数据缺失 | CU301: =IF(CT301<0,0,IF(CT301="无数据/数据缺失",0%,IF(CT301>'基本数据输入&测算结果'!$C$20,100%,CT301/'基本数据输入&测算结果'!$C$20))) -> 0 | CV301: =IFERROR((AVERAGE(Z301:AG301)*2-'基本数据输入&测算结果'!$C$24*2)/'基本数据输入&测算结果'!$C$21/'基本数据输入&测算结果'!$C$22,"无数据/数据缺失") -> 无数据/数据缺失 | CW301: =IF(CV301<0,0,IF(CV301="无数据/数据缺失",0%,IF(CV301>'基本数据输入&测算结果'!$C$20*CU301,CU301,CV301/'基本数据输入&测算结果'!$C$20*CU301))) -> 0 | CX301: =IFERROR(('基本数据输入&测算结果'!$C$19*3-AVERAGE(AT301:BE301)*3-'基本数据输入&测算结果'!$C$23*3)/'基本数据输入&测算结果'!$C$21*'基本数据输入&测算结果'!$C$22,"无数据/数据缺失") -> 无数据/数据缺失 | CY301: =IF(CX301<0,0,IF(CX301="无数据/数据缺失",0%,IF(CX301>'基本数据输入&测算结果'!$C$20,100%,CX301/'基本数据输入&测算结果'!$C$20))) -> 0 | CZ301: =IFERROR((AVERAGE(BN301:CK301)*6-'基本数据输入&测算结果'!$C$24*6)/'基本数据输入&测算结果'!$C$21/'基本数据输入&测算结果'!$C$22,"无数据/数据缺失") -> 无数据/数据缺失 | DA301: =IF(CZ301<0,0,IF(CZ301="无数据/数据缺失",0,IF('基本数据输入&测算结果'!$C$20*CY301>CZ301,CZ301/'基本数据输入&测算结果'!$C$20*CY301,CY301))) -> 0 | DB301: =MIN(CU301,CW301)+MIN(CY301,DA301) -> 0
A302: 45227 | CT302: =IFERROR(('基本数据输入&测算结果'!$C$19*7-AVERAGE(B302:Y302,CP302:CS302)*7-'基本数据输入&测算结果'!$C$23*7)/'基本数据输入&测算结果'!$C$21*'基本数据输入&测算结果'!$C$22,"无数据/数据缺失") -> 无数据/数据缺失 | CU302: =IF(CT302<0,0,IF(CT302="无数据/数据缺失",0%,IF(CT302>'基本数据输入&测算结果'!$C$20,100%,CT302/'基本数据输入&测算结果'!$C$20))) -> 0 | CV302: =IFERROR((AVERAGE(Z302:AG302)*2-'基本数据输入&测算结果'!$C$24*2)/'基本数据输入&测算结果'!$C$21/'基本数据输入&测算结果'!$C$22,"无数据/数据缺失") -> 无数据/数据缺失 | CW302: =IF(CV302<0,0,IF(CV302="无数据/数据缺失",0%,IF(CV302>'基本数据输入&测算结果'!$C$20*CU302,CU302,CV302/'基本数据输入&测算结果'!$C$20*CU302))) -> 0 | CX302: =IFERROR(('基本数据输入&测算结果'!$C$19*3-AVERAGE(AT302:BE302)*3-'基本数据输入&测算结果'!$C$23*3)/'基本数据输入&测算结果'!$C$21*'基本数据输入&测算结果'!$C$22,"无数据/数据缺失") -> 无数据/数据缺失 | CY302: =IF(CX302<0,0,IF(CX302="无数据/数据缺失",0%,IF(CX302>'基本数据输入&测算结果'!$C$20,100%,CX302/'基本数据输入&测算结果'!$C$20))) -> 0 | CZ302: =IFERROR((AVERAGE(BN302:CK302)*6-'基本数据输入&测算结果'!$C$24*6)/'基本数据输入&测算结果'!$C$21/'基本数据输入&测算结果'!$C$22,"无数据/数据缺失") -> 无数据/数据缺失 | DA302: =IF(CZ302<0,0,IF(CZ302="无数据/数据缺失",0,IF('基本数据输入&测算结果'!$C$20*CY302>CZ302,CZ302/'基本数据输入&测算结果'!$C$20*CY302,CY302))) -> 0 | DB302: =MIN(CU302,CW302)+MIN(CY302,DA302) -> 0
A303: 45228 | CT303: =IFERROR(('基本数据输入&测算结果'!$C$19*7-AVERAGE(B303:Y303,CP303:CS303)*7-'基本数据输入&测算结果'!$C$23*7)/'基本数据输入&测算结果'!$C$21*'基本数据输入&测算结果'!$C$22,"无数据/数据缺失") -> 无数据/数据缺失 | CU303: =IF(CT303<0,0,IF(CT303="无数据/数据缺失",0%,IF(CT303>'基本数据输入&测算结果'!$C$20,100%,CT303/'基本数据输入&测算结果'!$C$20))) -> 0 | CV303: =IFERROR((AVERAGE(Z303:AG303)*2-'基本数据输入&测算结果'!$C$24*2)/'基本数据输入&测算结果'!$C$21/'基本数据输入&测算结果'!$C$22,"无数据/数据缺失") -> 无数据/数据缺失 | CW303: =IF(CV303<0,0,IF(CV303="无数据/数据缺失",0%,IF(CV303>'基本数据输入&测算结果'!$C$20*CU303,CU303,CV303/'基本数据输入&测算结果'!$C$20*CU303))) -> 0 | CX303: =IFERROR(('基本数据输入&测算结果'!$C$19*3-AVERAGE(AT303:BE303)*3-'基本数据输入&测算结果'!$C$23*3)/'基本数据输入&测算结果'!$C$21*'基本数据输入&测算结果'!$C$22,"无数据/数据缺失") -> 无数据/数据缺失 | CY303: =IF(CX303<0,0,IF(CX303="无数据/数据缺失",0%,IF(CX303>'基本数据输入&测算结果'!$C$20,100%,CX303/'基本数据输入&测算结果'!$C$20))) -> 0 | CZ303: =IFERROR((AVERAGE(BN303:CK303)*6-'基本数据输入&测算结果'!$C$24*6)/'基本数据输入&测算结果'!$C$21/'基本数据输入&测算结果'!$C$22,"无数据/数据缺失") -> 无数据/数据缺失 | DA303: =IF(CZ303<0,0,IF(CZ303="无数据/数据缺失",0,IF('基本数据输入&测算结果'!$C$20*CY303>CZ303,CZ303/'基本数据输入&测算结果'!$C$20*CY303,CY303))) -> 0 | DB303: =MIN(CU303,CW303)+MIN(CY303,DA303) -> 0
A304: 45229 | CT304: =IFERROR(('基本数据输入&测算结果'!$C$19*7-AVERAGE(B304:Y304,CP304:CS304)*7-'基本数据输入&测算结果'!$C$23*7)/'基本数据输入&测算结果'!$C$21*'基本数据输入&测算结果'!$C$22,"无数据/数据缺失") -> 无数据/数据缺失 | CU304: =IF(CT304<0,0,IF(CT304="无数据/数据缺失",0%,IF(CT304>'基本数据输入&测算结果'!$C$20,100%,CT304/'基本数据输入&测算结果'!$C$20))) -> 0 | CV304: =IFERROR((AVERAGE(Z304:AG304)*2-'基本数据输入&测算结果'!$C$24*2)/'基本数据输入&测算结果'!$C$21/'基本数据输入&测算结果'!$C$22,"无数据/数据缺失") -> 无数据/数据缺失 | CW304: =IF(CV304<0,0,IF(CV304="无数据/数据缺失",0%,IF(CV304>'基本数据输入&测算结果'!$C$20*CU304,CU304,CV304/'基本数据输入&测算结果'!$C$20*CU304))) -> 0 | CX304: =IFERROR(('基本数据输入&测算结果'!$C$19*3-AVERAGE(AT304:BE304)*3-'基本数据输入&测算结果'!$C$23*3)/'基本数据输入&测算结果'!$C$21*'基本数据输入&测算结果'!$C$22,"无数据/数据缺失") -> 无数据/数据缺失 | CY304: =IF(CX304<0,0,IF(CX304="无数据/数据缺失",0%,IF(CX304>'基本数据输入&测算结果'!$C$20,100%,CX304/'基本数据输入&测算结果'!$C$20))) -> 0 | CZ304: =IFERROR((AVERAGE(BN304:CK304)*6-'基本数据输入&测算结果'!$C$24*6)/'基本数据输入&测算结果'!$C$21/'基本数据输入&测算结果'!$C$22,"无数据/数据缺失") -> 无数据/数据缺失 | DA304: =IF(CZ304<0,0,IF(CZ304="无数据/数据缺失",0,IF('基本数据输入&测算结果'!$C$20*CY304>CZ304,CZ304/'基本数据输入&测算结果'!$C$20*CY304,CY304))) -> 0 | DB304: =MIN(CU304,CW304)+MIN(CY304,DA304) -> 0
A305: 45230 | CT305: =IFERROR(('基本数据输入&测算结果'!$C$19*7-AVERAGE(B305:Y305,CP305:CS305)*7-'基本数据输入&测算结果'!$C$23*7)/'基本数据输入&测算结果'!$C$21*'基本数据输入&测算结果'!$C$22,"无数据/数据缺失") -> 无数据/数据缺失 | CU305: =IF(CT305<0,0,IF(CT305="无数据/数据缺失",0%,IF(CT305>'基本数据输入&测算结果'!$C$20,100%,CT305/'基本数据输入&测算结果'!$C$20))) -> 0 | CV305: =IFERROR((AVERAGE(Z305:AG305)*2-'基本数据输入&测算结果'!$C$24*2)/'基本数据输入&测算结果'!$C$21/'基本数据输入&测算结果'!$C$22,"无数据/数据缺失") -> 无数据/数据缺失 | CW305: =IF(CV305<0,0,IF(CV305="无数据/数据缺失",0%,IF(CV305>'基本数据输入&测算结果'!$C$20*CU305,CU305,CV305/'基本数据输入&测算结果'!$C$20*CU305))) -> 0 | CX305: =IFERROR(('基本数据输入&测算结果'!$C$19*3-AVERAGE(AT305:BE305)*3-'基本数据输入&测算结果'!$C$23*3)/'基本数据输入&测算结果'!$C$21*'基本数据输入&测算结果'!$C$22,"无数据/数据缺失") -> 无数据/数据缺失 | CY305: =IF(CX305<0,0,IF(CX305="无数据/数据缺失",0%,IF(CX305>'基本数据输入&测算结果'!$C$20,100%,CX305/'基本数据输入&测算结果'!$C$20))) -> 0 | CZ305: =IFERROR((AVERAGE(BN305:CK305)*6-'基本数据输入&测算结果'!$C$24*6)/'基本数据输入&测算结果'!$C$21/'基本数据输入&测算结果'!$C$22,"无数据/数据缺失") -> 无数据/数据缺失 | DA305: =IF(CZ305<0,0,IF(CZ305="无数据/数据缺失",0,IF('基本数据输入&测算结果'!$C$20*CY305>CZ305,CZ305/'基本数据输入&测算结果'!$C$20*CY305,CY305))) -> 0 | DB305: =MIN(CU305,CW305)+MIN(CY305,DA305) -> 0
A306: 2024-11-01 | CT306: =IFERROR(('基本数据输入&测算结果'!$C$19*7-AVERAGE(B306:Y306,CP306:CS306)*7-'基本数据输入&测算结果'!$C$23*7)/'基本数据输入&测算结果'!$C$21*'基本数据输入&测算结果'!$C$22,"无数据/数据缺失") -> 无数据/数据缺失 | CU306: =IF(CT306<0,0,IF(CT306="无数据/数据缺失",0%,IF(CT306>'基本数据输入&测算结果'!$C$20,100%,CT306/'基本数据输入&测算结果'!$C$20))) -> 0 | CV306: =IFERROR((AVERAGE(Z306:AG306)*2-'基本数据输入&测算结果'!$C$24*2)/'基本数据输入&测算结果'!$C$21/'基本数据输入&测算结果'!$C$22,"无数据/数据缺失") -> 无数据/数据缺失 | CW306: =IF(CV306<0,0,IF(CV306="无数据/数据缺失",0%,IF(CV306>'基本数据输入&测算结果'!$C$20*CU306,CU306,CV306/'基本数据输入&测算结果'!$C$20*CU306))) -> 0 | CX306: =IFERROR(('基本数据输入&测算结果'!$C$19*3-AVERAGE(AT306:BE306)*3-'基本数据输入&测算结果'!$C$23*3)/'基本数据输入&测算结果'!$C$21*'基本数据输入&测算结果'!$C$22,"无数据/数据缺失") -> 无数据/数据缺失 | CY306: =IF(CX306<0,0,IF(CX306="无数据/数据缺失",0%,IF(CX306>'基本数据输入&测算结果'!$C$20,100%,CX306/'基本数据输入&测算结果'!$C$20))) -> 0 | CZ306: =IFERROR((AVERAGE(BN306:CK306)*6-'基本数据输入&测算结果'!$C$24*6)/'基本数据输入&测算结果'!$C$21/'基本数据输入&测算结果'!$C$22,"无数据/数据缺失") -> 无数据/数据缺失 | DA306: =IF(CZ306<0,0,IF(CZ306="无数据/数据缺失",0,IF('基本数据输入&测算结果'!$C$20*CY306>CZ306,CZ306/'基本数据输入&测算结果'!$C$20*CY306,CY306))) -> 0 | DB306: =MIN(CU306,CW306)+MIN(CY306,DA306) -> 0
A307: 2024-11-02 | CT307: =IFERROR(('基本数据输入&测算结果'!$C$19*7-AVERAGE(B307:Y307,CP307:CS307)*7-'基本数据输入&测算结果'!$C$23*7)/'基本数据输入&测算结果'!$C$21*'基本数据输入&测算结果'!$C$22,"无数据/数据缺失") -> 无数据/数据缺失 | CU307: =IF(CT307<0,0,IF(CT307="无数据/数据缺失",0%,IF(CT307>'基本数据输入&测算结果'!$C$20,100%,CT307/'基本数据输入&测算结果'!$C$20))) -> 0 | CV307: =IFERROR((AVERAGE(Z307:AG307)*2-'基本数据输入&测算结果'!$C$24*2)/'基本数据输入&测算结果'!$C$21/'基本数据输入&测算结果'!$C$22,"无数据/数据缺失") -> 无数据/数据缺失 | CW307: =IF(CV307<0,0,IF(CV307="无数据/数据缺失",0%,IF(CV307>'基本数据输入&测算结果'!$C$20*CU307,CU307,CV307/'基本数据输入&测算结果'!$C$20*CU307))) -> 0 | CX307: =IFERROR(('基本数据输入&测算结果'!$C$19*3-AVERAGE(AT307:BE307)*3-'基本数据输入&测算结果'!$C$23*3)/'基本数据输入&测算结果'!$C$21*'基本数据输入&测算结果'!$C$22,"无数据/数据缺失") -> 无数据/数据缺失 | CY307: =IF(CX307<0,0,IF(CX307="无数据/数据缺失",0%,IF(CX307>'基本数据输入&测算结果'!$C$20,100%,CX307/'基本数据输入&测算结果'!$C$20))) -> 0 | CZ307: =IFERROR((AVERAGE(BN307:CK307)*6-'基本数据输入&测算结果'!$C$24*6)/'基本数据输入&测算结果'!$C$21/'基本数据输入&测算结果'!$C$22,"无数据/数据缺失") -> 无数据/数据缺失 | DA307: =IF(CZ307<0,0,IF(CZ307="无数据/数据缺失",0,IF('基本数据输入&测算结果'!$C$20*CY307>CZ307,CZ307/'基本数据输入&测算结果'!$C$20*CY307,CY307))) -> 0 | DB307: =MIN(CU307,CW307)+MIN(CY307,DA307) -> 0
A308: 2024-11-03 | CT308: =IFERROR(('基本数据输入&测算结果'!$C$19*7-AVERAGE(B308:Y308,CP308:CS308)*7-'基本数据输入&测算结果'!$C$23*7)/'基本数据输入&测算结果'!$C$21*'基本数据输入&测算结果'!$C$22,"无数据/数据缺失") -> 无数据/数据缺失 | CU308: =IF(CT308<0,0,IF(CT308="无数据/数据缺失",0%,IF(CT308>'基本数据输入&测算结果'!$C$20,100%,CT308/'基本数据输入&测算结果'!$C$20))) -> 0 | CV308: =IFERROR((AVERAGE(Z308:AG308)*2-'基本数据输入&测算结果'!$C$24*2)/'基本数据输入&测算结果'!$C$21/'基本数据输入&测算结果'!$C$22,"无数据/数据缺失") -> 无数据/数据缺失 | CW308: =IF(CV308<0,0,IF(CV308="无数据/数据缺失",0%,IF(CV308>'基本数据输入&测算结果'!$C$20*CU308,CU308,CV308/'基本数据输入&测算结果'!$C$20*CU308))) -> 0 | CX308: =IFERROR(('基本数据输入&测算结果'!$C$19*3-AVERAGE(AT308:BE308)*3-'基本数据输入&测算结果'!$C$23*3)/'基本数据输入&测算结果'!$C$21*'基本数据输入&测算结果'!$C$22,"无数据/数据缺失") -> 无数据/数据缺失 | CY308: =IF(CX308<0,0,IF(CX308="无数据/数据缺失",0%,IF(CX308>'基本数据输入&测算结果'!$C$20,100%,CX308/'基本数据输入&测算结果'!$C$20))) -> 0 | CZ308: =IFERROR((AVERAGE(BN308:CK308)*6-'基本数据输入&测算结果'!$C$24*6)/'基本数据输入&测算结果'!$C$21/'基本数据输入&测算结果'!$C$22,"无数据/数据缺失") -> 无数据/数据缺失 | DA308: =IF(CZ308<0,0,IF(CZ308="无数据/数据缺失",0,IF('基本数据输入&测算结果'!$C$20*CY308>CZ308,CZ308/'基本数据输入&测算结果'!$C$20*CY308,CY308))) -> 0 | DB308: =MIN(CU308,CW308)+MIN(CY308,DA308) -> 0
A309: 2024-11-04 | CT309: =IFERROR(('基本数据输入&测算结果'!$C$19*7-AVERAGE(B309:Y309,CP309:CS309)*7-'基本数据输入&测算结果'!$C$23*7)/'基本数据输入&测算结果'!$C$21*'基本数据输入&测算结果'!$C$22,"无数据/数据缺失") -> 无数据/数据缺失 | CU309: =IF(CT309<0,0,IF(CT309="无数据/数据缺失",0%,IF(CT309>'基本数据输入&测算结果'!$C$20,100%,CT309/'基本数据输入&测算结果'!$C$20))) -> 0 | CV309: =IFERROR((AVERAGE(Z309:AG309)*2-'基本数据输入&测算结果'!$C$24*2)/'基本数据输入&测算结果'!$C$21/'基本数据输入&测算结果'!$C$22,"无数据/数据缺失") -> 无数据/数据缺失 | CW309: =IF(CV309<0,0,IF(CV309="无数据/数据缺失",0%,IF(CV309>'基本数据输入&测算结果'!$C$20*CU309,CU309,CV309/'基本数据输入&测算结果'!$C$20*CU309))) -> 0 | CX309: =IFERROR(('基本数据输入&测算结果'!$C$19*3-AVERAGE(AT309:BE309)*3-'基本数据输入&测算结果'!$C$23*3)/'基本数据输入&测算结果'!$C$21*'基本数据输入&测算结果'!$C$22,"无数据/数据缺失") -> 无数据/数据缺失 | CY309: =IF(CX309<0,0,IF(CX309="无数据/数据缺失",0%,IF(CX309>'基本数据输入&测算结果'!$C$20,100%,CX309/'基本数据输入&测算结果'!$C$20))) -> 0 | CZ309: =IFERROR((AVERAGE(BN309:CK309)*6-'基本数据输入&测算结果'!$C$24*6)/'基本数据输入&测算结果'!$C$21/'基本数据输入&测算结果'!$C$22,"无数据/数据缺失") -> 无数据/数据缺失 | DA309: =IF(CZ309<0,0,IF(CZ309="无数据/数据缺失",0,IF('基本数据输入&测算结果'!$C$20*CY309>CZ309,CZ309/'基本数据输入&测算结果'!$C$20*CY309,CY309))) -> 0 | DB309: =MIN(CU309,CW309)+MIN(CY309,DA309) -> 0
A310: 2024-11-05 | CT310: =IFERROR(('基本数据输入&测算结果'!$C$19*7-AVERAGE(B310:Y310,CP310:CS310)*7-'基本数据输入&测算结果'!$C$23*7)/'基本数据输入&测算结果'!$C$21*'基本数据输入&测算结果'!$C$22,"无数据/数据缺失") -> 无数据/数据缺失 | CU310: =IF(CT310<0,0,IF(CT310="无数据/数据缺失",0%,IF(CT310>'基本数据输入&测算结果'!$C$20,100%,CT310/'基本数据输入&测算结果'!$C$20))) -> 0 | CV310: =IFERROR((AVERAGE(Z310:AG310)*2-'基本数据输入&测算结果'!$C$24*2)/'基本数据输入&测算结果'!$C$21/'基本数据输入&测算结果'!$C$22,"无数据/数据缺失") -> 无数据/数据缺失 | CW310: =IF(CV310<0,0,IF(CV310="无数据/数据缺失",0%,IF(CV310>'基本数据输入&测算结果'!$C$20*CU310,CU310,CV310/'基本数据输入&测算结果'!$C$20*CU310))) -> 0 | CX310: =IFERROR(('基本数据输入&测算结果'!$C$19*3-AVERAGE(AT310:BE310)*3-'基本数据输入&测算结果'!$C$23*3)/'基本数据输入&测算结果'!$C$21*'基本数据输入&测算结果'!$C$22,"无数据/数据缺失") -> 无数据/数据缺失 | CY310: =IF(CX310<0,0,IF(CX310="无数据/数据缺失",0%,IF(CX310>'基本数据输入&测算结果'!$C$20,100%,CX310/'基本数据输入&测算结果'!$C$20))) -> 0 | CZ310: =IFERROR((AVERAGE(BN310:CK310)*6-'基本数据输入&测算结果'!$C$24*6)/'基本数据输入&测算结果'!$C$21/'基本数据输入&测算结果'!$C$22,"无数据/数据缺失") -> 无数据/数据缺失 | DA310: =IF(CZ310<0,0,IF(CZ310="无数据/数据缺失",0,IF('基本数据输入&测算结果'!$C$20*CY310>CZ310,CZ310/'基本数据输入&测算结果'!$C$20*CY310,CY310))) -> 0 | DB310: =MIN(CU310,CW310)+MIN(CY310,DA310) -> 0
A311: 2024-11-06 | CT311: =IFERROR(('基本数据输入&测算结果'!$C$19*7-AVERAGE(B311:Y311,CP311:CS311)*7-'基本数据输入&测算结果'!$C$23*7)/'基本数据输入&测算结果'!$C$21*'基本数据输入&测算结果'!$C$22,"无数据/数据缺失") -> 无数据/数据缺失 | CU311: =IF(CT311<0,0,IF(CT311="无数据/数据缺失",0%,IF(CT311>'基本数据输入&测算结果'!$C$20,100%,CT311/'基本数据输入&测算结果'!$C$20))) -> 0 | CV311: =IFERROR((AVERAGE(Z311:AG311)*2-'基本数据输入&测算结果'!$C$24*2)/'基本数据输入&测算结果'!$C$21/'基本数据输入&测算结果'!$C$22,"无数据/数据缺失") -> 无数据/数据缺失 | CW311: =IF(CV311<0,0,IF(CV311="无数据/数据缺失",0%,IF(CV311>'基本数据输入&测算结果'!$C$20*CU311,CU311,CV311/'基本数据输入&测算结果'!$C$20*CU311))) -> 0 | CX311: =IFERROR(('基本数据输入&测算结果'!$C$19*3-AVERAGE(AT311:BE311)*3-'基本数据输入&测算结果'!$C$23*3)/'基本数据输入&测算结果'!$C$21*'基本数据输入&测算结果'!$C$22,"无数据/数据缺失") -> 无数据/数据缺失 | CY311: =IF(CX311<0,0,IF(CX311="无数据/数据缺失",0%,IF(CX311>'基本数据输入&测算结果'!$C$20,100%,CX311/'基本数据输入&测算结果'!$C$20))) -> 0 | CZ311: =IFERROR((AVERAGE(BN311:CK311)*6-'基本数据输入&测算结果'!$C$24*6)/'基本数据输入&测算结果'!$C$21/'基本数据输入&测算结果'!$C$22,"无数据/数据缺失") -> 无数据/数据缺失 | DA311: =IF(CZ311<0,0,IF(CZ311="无数据/数据缺失",0,IF('基本数据输入&测算结果'!$C$20*CY311>CZ311,CZ311/'基本数据输入&测算结果'!$C$20*CY311,CY311))) -> 0 | DB311: =MIN(CU311,CW311)+MIN(CY311,DA311) -> 0
A312: 2024-11-07 | CT312: =IFERROR(('基本数据输入&测算结果'!$C$19*7-AVERAGE(B312:Y312,CP312:CS312)*7-'基本数据输入&测算结果'!$C$23*7)/'基本数据输入&测算结果'!$C$21*'基本数据输入&测算结果'!$C$22,"无数据/数据缺失") -> 无数据/数据缺失 | CU312: =IF(CT312<0,0,IF(CT312="无数据/数据缺失",0%,IF(CT312>'基本数据输入&测算结果'!$C$20,100%,CT312/'基本数据输入&测算结果'!$C$20))) -> 0 | CV312: =IFERROR((AVERAGE(Z312:AG312)*2-'基本数据输入&测算结果'!$C$24*2)/'基本数据输入&测算结果'!$C$21/'基本数据输入&测算结果'!$C$22,"无数据/数据缺失") -> 无数据/数据缺失 | CW312: =IF(CV312<0,0,IF(CV312="无数据/数据缺失",0%,IF(CV312>'基本数据输入&测算结果'!$C$20*CU312,CU312,CV312/'基本数据输入&测算结果'!$C$20*CU312))) -> 0 | CX312: =IFERROR(('基本数据输入&测算结果'!$C$19*3-AVERAGE(AT312:BE312)*3-'基本数据输入&测算结果'!$C$23*3)/'基本数据输入&测算结果'!$C$21*'基本数据输入&测算结果'!$C$22,"无数据/数据缺失") -> 无数据/数据缺失 | CY312: =IF(CX312<0,0,IF(CX312="无数据/数据缺失",0%,IF(CX312>'基本数据输入&测算结果'!$C$20,100%,CX312/'基本数据输入&测算结果'!$C$20))) -> 0 | CZ312: =IFERROR((AVERAGE(BN312:CK312)*6-'基本数据输入&测算结果'!$C$24*6)/'基本数据输入&测算结果'!$C$21/'基本数据输入&测算结果'!$C$22,"无数据/数据缺失") -> 无数据/数据缺失 | DA312: =IF(CZ312<0,0,IF(CZ312="无数据/数据缺失",0,IF('基本数据输入&测算结果'!$C$20*CY312>CZ312,CZ312/'基本数据输入&测算结果'!$C$20*CY312,CY312))) -> 0 | DB312: =MIN(CU312,CW312)+MIN(CY312,DA312) -> 0
A313: 2024-11-08 | CT313: =IFERROR(('基本数据输入&测算结果'!$C$19*7-AVERAGE(B313:Y313,CP313:CS313)*7-'基本数据输入&测算结果'!$C$23*7)/'基本数据输入&测算结果'!$C$21*'基本数据输入&测算结果'!$C$22,"无数据/数据缺失") -> 无数据/数据缺失 | CU313: =IF(CT313<0,0,IF(CT313="无数据/数据缺失",0%,IF(CT313>'基本数据输入&测算结果'!$C$20,100%,CT313/'基本数据输入&测算结果'!$C$20))) -> 0 | CV313: =IFERROR((AVERAGE(Z313:AG313)*2-'基本数据输入&测算结果'!$C$24*2)/'基本数据输入&测算结果'!$C$21/'基本数据输入&测算结果'!$C$22,"无数据/数据缺失") -> 无数据/数据缺失 | CW313: =IF(CV313<0,0,IF(CV313="无数据/数据缺失",0%,IF(CV313>'基本数据输入&测算结果'!$C$20*CU313,CU313,CV313/'基本数据输入&测算结果'!$C$20*CU313))) -> 0 | CX313: =IFERROR(('基本数据输入&测算结果'!$C$19*3-AVERAGE(AT313:BE313)*3-'基本数据输入&测算结果'!$C$23*3)/'基本数据输入&测算结果'!$C$21*'基本数据输入&测算结果'!$C$22,"无数据/数据缺失") -> 无数据/数据缺失 | CY313: =IF(CX313<0,0,IF(CX313="无数据/数据缺失",0%,IF(CX313>'基本数据输入&测算结果'!$C$20,100%,CX313/'基本数据输入&测算结果'!$C$20))) -> 0 | CZ313: =IFERROR((AVERAGE(BN313:CK313)*6-'基本数据输入&测算结果'!$C$24*6)/'基本数据输入&测算结果'!$C$21/'基本数据输入&测算结果'!$C$22,"无数据/数据缺失") -> 无数据/数据缺失 | DA313: =IF(CZ313<0,0,IF(CZ313="无数据/数据缺失",0,IF('基本数据输入&测算结果'!$C$20*CY313>CZ313,CZ313/'基本数据输入&测算结果'!$C$20*CY313,CY313))) -> 0 | DB313: =MIN(CU313,CW313)+MIN(CY313,DA313) -> 0
...

Sheet 经济测算
A1: 月份 | B1: 尖电价/元 | C1: 峰电价/元 | D1: 平电价/元 | E1: 谷电价/元 | F1: 设备容量/度 | G1: 电差类型 | H1: 放电深度 | I1: 单充/放效率 | J1: 计算天数 | K1: 收益/万元 | L1: 日均收益 | M1: 日均度电收益 | N1: 放电度电收益 | O1: 上午尖电价比例（如有） | P1: 下午尖电价比例（如有） | Q1: 上午充电率 | R1: 上午放电率 | S1: 下午充电率 | T1: 下午放电率
A2: 45658 | B2: 1.27541 | C2: 1.07497 | D2: 0.61657 | E2: 0.28052 | F2: ='基本数据输入&测算结果'!$C$20 -> 500 | G2: 平谷+峰谷、尖谷 | H2: 0.9 | I2: 0.922 | J2: =SUM('负荷数据&测算'!DB2:DB32)/2 -> 1 | K2: =((F2*H2*I2*D2*J2-F2*H2/I2*E2*J2)+(F2*H2*I2*B2*P2*J2+F2*H2*I2*C2*(1-P2)*J2-F2*H2/I2*E2*J2))/10000 -> 0.043067614 | L2: =K2/J2 -> 0.043067614 | M2: =L2*10000/F2 -> 0.86135229 | N2: =K2/(F2*H2*I2*2*J2)*10000 -> 0.51901198 | O2: ='基本数据输入&测算结果'!R19 -> 0 | P2: ='基本数据输入&测算结果'!S19 -> 0.032258065 | Q2: ='基本数据输入&测算结果'!G19 -> 0.032258065 | R2: ='基本数据输入&测算结果'!K19 -> 0.032258065 | S2: ='基本数据输入&测算结果'!H19 -> 0.032258065 | T2: ='基本数据输入&测算结果'!L19 -> 0.032258065
A3: 45689 | C3: 0.95171 | D3: 0.55992 | E3: 0.23272 | F3: ='基本数据输入&测算结果'!$C$20 -> 500 | G3: 峰谷 | H3: 0.9 | I3: 0.922 | J3: =SUM('负荷数据&测算'!DB33:DB60)/2 -> 0 | K3: =((F3*H3*I3*B3*O3*J3+F3*H3*I3*C3*(1-O3)*J3-F3*H3/I3*E3*J3)+(F3*H3*I3*B3*P3*J3+F3*H3*I3*C3*(1-P3)*J3-F3*H3/I3*E3*J3))/10000 -> 0 | L3: =K3/J3 -> #DIV/0! | M3: =L3*10000/F3 -> #DIV/0! | N3: =K3/(F3*H3*I3*2*J3)*10000 -> #DIV/0! | O3: ='基本数据输入&测算结果'!R20 -> 0 | P3: ='基本数据输入&测算结果'!S20 -> 0 | Q3: ='基本数据输入&测算结果'!G20 -> 0 | R3: ='基本数据输入&测算结果'!K20 -> 0 | S3: ='基本数据输入&测算结果'!H20 -> 0 | T3: ='基本数据输入&测算结果'!L20 -> 0
A4: 45717 | C4: 1.04206 | D4: 0.63966 | E4: 0.30361 | F4: ='基本数据输入&测算结果'!$C$20 -> 500 | G4: 峰谷 | H4: 0.9 | I4: 0.922 | J4: =SUM('负荷数据&测算'!DB61:DB91)/2 -> 0 | K4: =((F4*H4*I4*B4*O4*J4+F4*H4*I4*C4*(1-O4)*J4-F4*H4/I4*E4*J4)+(F4*H4*I4*B4*P4*J4+F4*H4*I4*C4*(1-P4)*J4-F4*H4/I4*E4*J4))/10000 -> 0 | L4: =K4/J4 -> #DIV/0! | M4: =L4*10000/F4 -> #DIV/0! | N4: =K4/(F4*H4*I4*2*J4)*10000 -> #DIV/0! | O4: ='基本数据输入&测算结果'!R21 -> 0 | P4: ='基本数据输入&测算结果'!S21 -> 0 | Q4: ='基本数据输入&测算结果'!G21 -> 0 | R4: ='基本数据输入&测算结果'!K21 -> 0 | S4: ='基本数据输入&测算结果'!H21 -> 0 | T4: ='基本数据输入&测算结果'!L21 -> 0
A5: 45748 | C5: 1.03829 | D5: 0.63589 | E5: 0.29984 | F5: ='基本数据输入&测算结果'!$C$20 -> 500 | G5: 峰谷 | H5: 0.9 | I5: 0.922 | J5: =SUM('负荷数据&测算'!DB92:DB121)/2 -> 0 | K5: =((F5*H5*I5*B5*O5*J5+F5*H5*I5*C5*(1-O5)*J5-F5*H5/I5*E5*J5)+(F5*H5*I5*B5*P5*J5+F5*H5*I5*C5*(1-P5)*J5-F5*H5/I5*E5*J5))/10000 -> 0 | L5: =K5/J5 -> #DIV/0! | M5: =L5*10000/F5 -> #DIV/0! | N5: =K5/(F5*H5*I5*2*J5)*10000 -> #DIV/0! | O5: ='基本数据输入&测算结果'!R22 -> 0 | P5: ='基本数据输入&测算结果'!S22 -> 0 | Q5: ='基本数据输入&测算结果'!G22 -> 0 | R5: ='基本数据输入&测算结果'!K22 -> 0 | S5: ='基本数据输入&测算结果'!H22 -> 0 | T5: ='基本数据输入&测算结果'!L22 -> 0
A6: 45778 | C6: 1.0485 | D6: 0.6461 | E6: 0.31005 | F6: ='基本数据输入&测算结果'!$C$20 -> 500 | G6: 峰谷 | H6: 0.9 | I6: 0.922 | J6: =SUM('负荷数据&测算'!DB122:DB152)/2 -> 0 | K6: =((F6*H6*I6*B6*O6*J6+F6*H6*I6*C6*(1-O6)*J6-F6*H6/I6*E6*J6)+(F6*H6*I6*B6*P6*J6+F6*H6*I6*C6*(1-P6)*J6-F6*H6/I6*E6*J6))/10000 -> 0 | L6: =K6/J6 -> #DIV/0! | M6: =L6*10000/F6 -> #DIV/0! | N6: =K6/(F6*H6*I6*2*J6)*10000 -> #DIV/0! | O6: ='基本数据输入&测算结果'!R23 -> 0 | P6: ='基本数据输入&测算结果'!S23 -> 0 | Q6: ='基本数据输入&测算结果'!G23 -> 0 | R6: ='基本数据输入&测算结果'!K23 -> 0 | S6: ='基本数据输入&测算结果'!H23 -> 0 | T6: ='基本数据输入&测算结果'!L23 -> 0
A7: 45809 | C7: 1.0516 | D7: 0.6492 | E7: 0.31315 | F7: ='基本数据输入&测算结果'!$C$20 -> 500 | G7: 峰谷 | H7: 0.9 | I7: 0.922 | J7: =SUM('负荷数据&测算'!DB153:DB182)/2 -> 0 | K7: =((F7*H7*I7*B7*O7*J7+F7*H7*I7*C7*(1-O7)*J7-F7*H7/I7*E7*J7)+(F7*H7*I7*B7*P7*J7+F7*H7*I7*C7*(1-P7)*J7-F7*H7/I7*E7*J7))/10000 -> 0 | L7: =K7/J7 -> #DIV/0! | M7: =L7*10000/F7 -> #DIV/0! | N7: =K7/(F7*H7*I7*2*J7)*10000 -> #DIV/0! | O7: ='基本数据输入&测算结果'!R24 -> 0 | P7: ='基本数据输入&测算结果'!S24 -> 0 | Q7: ='基本数据输入&测算结果'!G24 -> 0 | R7: ='基本数据输入&测算结果'!K24 -> 0 | S7: ='基本数据输入&测算结果'!H24 -> 0 | T7: ='基本数据输入&测算结果'!L24 -> 0
A8: 45474 | B8: 1.30899 | C8: 1.10855 | D8: 0.65015 | E8: 0.3141 | F8: ='基本数据输入&测算结果'!$C$20 -> 500 | G8: 平谷+峰谷、尖谷 | H8: 0.9 | I8: 0.922 | J8: =SUM('负荷数据&测算'!DB183:DB213)/2 -> 0 | K8: =((F8*H8*I8*D8*J8-F8*H8/I8*E8*J8)+(F8*H8*I8*B8*P8*J8+F8*H8*I8*C8*(1-P8)*J8-F8*H8/I8*E8*J8))/10000 -> 0 | L8: =K8/J8 -> #DIV/0! | M8: =L8*10000/F8 -> #DIV/0! | N8: =K8/(F8*H8*I8*2*J8)*10000 -> #DIV/0! | O8: ='基本数据输入&测算结果'!R25 -> 0 | P8: ='基本数据输入&测算结果'!S25 -> 0 | Q8: ='基本数据输入&测算结果'!G25 -> 0 | R8: ='基本数据输入&测算结果'!K25 -> 0 | S8: =AVERAGE('基本数据输入&测算结果'!H25,'基本数据输入&测算结果'!I25) -> 0 | T8: =AVERAGE('基本数据输入&测算结果'!L25,'基本数据输入&测算结果'!M25) -> 0
A9: 45505 | B9: 1.28332 | C9: 1.07893 | D9: 0.51148 | E9: 0.2688 | F9: ='基本数据输入&测算结果'!$C$20 -> 500 | G9: 平谷+峰谷、尖谷 | H9: 0.9 | I9: 0.922 | J9: =SUM('负荷数据&测算'!DB214:DB244)/2 -> 0 | K9: =((F9*H9*I9*D9*J9-F9*H9/I9*E9*J9)+(F9*H9*I9*B9*P9*J9+F9*H9*I9*C9*(1-P9)*J9-F9*H9/I9*E9*J9))/10000 -> 0 | L9: =K9/J9 -> #DIV/0! | M9: =L9*10000/F9 -> #DIV/0! | N9: =K9/(F9*H9*I9*2*J9)*10000 -> #DIV/0! | O9: ='基本数据输入&测算结果'!R26 -> 0 | P9: ='基本数据输入&测算结果'!S26 -> 0 | Q9: ='基本数据输入&测算结果'!G26 -> 0 | R9: ='基本数据输入&测算结果'!K26 -> 0 | S9: =AVERAGE('基本数据输入&测算结果'!H26,'基本数据输入&测算结果'!I26) -> 0 | T9: =AVERAGE('基本数据输入&测算结果'!L26,'基本数据输入&测算结果'!M26) -> 0
A10: 45536 | C10: 1.11923 | D10: 0.6499 | E10: 0.30583 | F10: ='基本数据输入&测算结果'!$C$20 -> 500 | G10: 平谷+峰谷 | H10: 0.9 | I10: 0.922 | J10: =SUM('负荷数据&测算'!DB245:DB274)/2 -> 0 | K10: =((F10*H10*I10*D10*J10-F10*H10/I10*E10*J10)+(F10*H10*I10*B10*P10*J10+F10*H10*I10*C10*(1-P10)*J10-F10*H10/I10*E10*J10))/10000 -> 0 | L10: =K10/J10 -> #DIV/0! | M10: =L10*10000/F10 -> #DIV/0! | N10: =K10/(F10*H10*I10*2*J10)*10000 -> #DIV/0! | O10: ='基本数据输入&测算结果'!R27 -> 0 | P10: ='基本数据输入&测算结果'!S27 -> 0 | Q10: ='基本数据输入&测算结果'!G27 -> 0 | R10: ='基本数据输入&测算结果'!K27 -> 0 | S10: ='基本数据输入&测算结果'!H27 -> 0 | T10: ='基本数据输入&测算结果'!L27 -> 0
A11: 45566 | C11: 1.05511 | D11: 0.64319 | E11: 0.29918 | F11: ='基本数据输入&测算结果'!$C$20 -> 500 | G11: 峰谷 | H11: 0.9 | I11: 0.922 | J11: =SUM('负荷数据&测算'!DB275:DB305)/2 -> 0 | K11: =((F11*H11*I11*B11*O11*J11+F11*H11*I11*C11*(1-O11)*J11-F11*H11/I11*E11*J11)+(F11*H11*I11*B11*P11*J11+F11*H11*I11*C11*(1-P11)*J11-F11*H11/I11*E11*J11))/10000 -> 0 | L11: =K11/J11 -> #DIV/0! | M11: =L11*10000/F11 -> #DIV/0! | N11: =K11/(F11*H11*I11*2*J11)*10000 -> #DIV/0! | O11: ='基本数据输入&测算结果'!R28 -> 0 | P11: ='基本数据输入&测算结果'!S28 -> 0 | Q11: ='基本数据输入&测算结果'!G28 -> 0 | R11: ='基本数据输入&测算结果'!K28 -> 0 | S11: ='基本数据输入&测算结果'!H28 -> 0 | T11: ='基本数据输入&测算结果'!L28 -> 0
A12: 45597 | C12: 1.03214 | D12: 0.62017 | E12: 0.27613 | F12: ='基本数据输入&测算结果'!$C$20 -> 500 | G12: 峰谷 | H12: 0.9 | I12: 0.922 | J12: =SUM('负荷数据&测算'!DB306:DB335)/2 -> 0 | K12: =((F12*H12*I12*B12*O12*J12+F12*H12*I12*C12*(1-O12)*J12-F12*H12/I12*E12*J12)+(F12*H12*I12*B12*P12*J12+F12*H12*I12*C12*(1-P12)*J12-F12*H12/I12*E12*J12))/10000 -> 0 | L12: =K12/J12 -> #DIV/0! | M12: =L12*10000/F12 -> #DIV/0! | N12: =K12/(F12*H12*I12*2*J12)*10000 -> #DIV/0! | O12: ='基本数据输入&测算结果'!R29 -> 0 | P12: ='基本数据输入&测算结果'!S29 -> 0 | Q12: ='基本数据输入&测算结果'!G29 -> 0 | R12: ='基本数据输入&测算结果'!K29 -> 0 | S12: ='基本数据输入&测算结果'!H29 -> 0 | T12: ='基本数据输入&测算结果'!L29 -> 0
A13: 45627 | B13: 1.2675 | C13: 1.06338 | D13: 0.59655 | E13: 0.25432 | F13: ='基本数据输入&测算结果'!$C$20 -> 500 | G13: 平谷+峰谷、尖谷 | H13: 0.9 | I13: 0.922 | J13: =SUM('负荷数据&测算'!DB336:DB366)/2 -> 0 | K13: =((F13*H13*I13*D13*J13-F13*H13/I13*E13*J13)+(F13*H13*I13*B13*P13*J13+F13*H13*I13*C13*(1-P13)*J13-F13*H13/I13*E13*J13))/10000 -> 0 | L13: =K13/J13 -> #DIV/0! | M13: =L13*10000/F13 -> #DIV/0! | N13: =K13/(F13*H13*I13*2*J13)*10000 -> #DIV/0! | O13: ='基本数据输入&测算结果'!R30 -> 0 | P13: ='基本数据输入&测算结果'!S30 -> 0 | Q13: ='基本数据输入&测算结果'!G30 -> 0 | R13: ='基本数据输入&测算结果'!K30 -> 0 | S13: ='基本数据输入&测算结果'!H30 -> 0 | T13: ='基本数据输入&测算结果'!L30 -> 0
A14: 平均每天收益 | J14: =SUM(J2:J13) -> 1 | K14: =SUM(K2:K13)/J14 -> 0.043067614 | N14: =AVERAGE(N2:N13) -> #DIV/0!
A15: 首年收益 | J15: =INT('基本数据输入&测算结果'!O32)-5 -> -5 | K15: =SUM(K2:K13)*J15/J14 -> -0.21533807
I18: 计算天数 | J18: 电网放电量 | K18: 电网充电量 | L18: 平谷 | M18: 峰谷/尖 | P18: 平谷 | Q18: 峰谷
H19: 45658 | I19: =J2 -> 1 | J19: =F2*H2*I2 -> 414.9 | K19: =F2*H2/I2 -> 488.06941 | L19: =I19*(J19*D2-K19*E2) -> 118.90166 | M19: =I19*(J19*C2*(1-P2)+J19*B2*P2-K19*E2) -> 311.77448 | P19: 1 | Q19: 1 | R19: {=SUMPRODUCT(L19:M19,P19:Q19)/10000} -> 0.043067614
A20: 年份 | B20: 总收益/万元 | C20: 衰减率 | D20: 收益分成 | E20: 投资方收益/万元 | F20: 用户收益/万元 | H20: 45689 | I20: =J3 -> 0 | J20: =F3*H3*I3 -> 414.9 | K20: =F3*H3/I3 -> 488.06941 | L20: =I20*(J20*D3-K20*E3) -> 0 | M20: =I20*(J20*C3*(1-P3)+J20*B3*P3-K20*E3) -> 0 | Q20: 2 | R20: {=SUMPRODUCT(L20:M20,P20:Q20)/10000} -> 0
A21: 第1年 | B21: =K15*(1-C21) -> -0.20887793 | C21: =[1]基础数据表!I22 -> 0.03 | D21: 0.7 | E21: =B21*D21 -> -0.14621455 | F21: =B21-E21 -> -0.062663379 | H21: 45717 | I21: =J4 -> 0 | J21: =F4*H4*I4 -> 414.9 | K21: =F4*H4/I4 -> 488.06941 | L21: =I21*(J21*D4-K21*E4) -> 0 | M21: =I21*(J21*C4*(1-P4)+J21*B4*P4-K21*E4) -> 0 | Q21: 2 | R21: {=SUMPRODUCT(L21:M21,P21:Q21)/10000} -> 0
A22: 第2年 | B22: =B21*(1-C22) -> -0.20428262 | C22: =[1]基础数据表!I23 -> 0.022 | D22: =D21 -> 0.7 | E22: =B22*D22 -> -0.14299783 | F22: =B22-E22 -> -0.061284785 | H22: 45748 | I22: =J5 -> 0 | J22: =F5*H5*I5 -> 414.9 | K22: =F5*H5/I5 -> 488.06941 | L22: =I22*(J22*D5-K22*E5) -> 0 | M22: =I22*(J22*C5*(1-P5)+J22*B5*P5-K22*E5) -> 0 | Q22: 2 | R22: {=SUMPRODUCT(L22:M22,P22:Q22)/10000} -> 0
A23: 第3年 | B23: =B22*(1-C23) -> -0.1997884 | C23: =$C$22 -> 0.022 | D23: =D22 -> 0.7 | E23: =B23*D23 -> -0.13985188 | F23: =B23-E23 -> -0.059936519 | H23: 45778 | I23: =J6 -> 0 | J23: =F6*H6*I6 -> 414.9 | K23: =F6*H6/I6 -> 488.06941 | L23: =I23*(J23*D6-K23*E6) -> 0 | M23: =I23*(J23*C6*(1-P6)+J23*B6*P6-K23*E6) -> 0 | Q23: 2 | R23: {=SUMPRODUCT(L23:M23,P23:Q23)/10000} -> 0
A24: 第4年 | B24: =B23*(1-C24) -> -0.19539305 | C24: =$C$22 -> 0.022 | D24: =D23 -> 0.7 | E24: =B24*D24 -> -0.13677514 | F24: =B24-E24 -> -0.058617916 | H24: 45809 | I24: =J7 -> 0 | J24: =F7*H7*I7 -> 414.9 | K24: =F7*H7/I7 -> 488.06941 | L24: =I24*(J24*D7-K24*E7) -> 0 | M24: =I24*(J24*C7*(1-P7)+J24*B7*P7-K24*E7) -> 0 | Q24: 2 | R24: {=SUMPRODUCT(L24:M24,P24:Q24)/10000} -> 0
A25: 第5年 | B25: =B24*(1-C25) -> -0.19109441 | C25: =$C$22 -> 0.022 | D25: =D24 -> 0.7 | E25: =B25*D25 -> -0.13376608 | F25: =B25-E25 -> -0.057328322 | H25: 45474 | I25: =J8 -> 0 | J25: =F8*H8*I8 -> 414.9 | K25: =F8*H8/I8 -> 488.06941 | L25: =I25*(J25*D8-K25*E8) -> 0 | M25: =I25*(J25*C8*(1-P8)+J25*B8*P8-K25*E8) -> 0 | P25: 1 | Q25: 1 | R25: {=SUMPRODUCT(L25:M25,P25:Q25)/10000} -> 0
A26: 第6年 | B26: =B25*(1-C26) -> -0.18689033 | C26: =$C$22 -> 0.022 | D26: =D25 -> 0.7 | E26: =B26*D26 -> -0.13082323 | F26: =B26-E26 -> -0.056067099 | H26: 45505 | I26: =J9 -> 0 | J26: =F9*H9*I9 -> 414.9 | K26: =F9*H9/I9 -> 488.06941 | L26: =I26*(J26*D9-K26*E9) -> 0 | M26: =I26*(J26*C9*(1-P9)+J26*B9*P9-K26*E9) -> 0 | P26: 1 | Q26: 1 | R26: {=SUMPRODUCT(L26:M26,P26:Q26)/10000} -> 0
A27: 第7年 | B27: =B26*(1-C27) -> -0.18277874 | C27: =$C$22 -> 0.022 | D27: =D26 -> 0.7 | E27: =B27*D27 -> -0.12794512 | F27: =B27-E27 -> -0.054833623 | H27: 45536 | I27: =J10 -> 0 | J27: =F10*H10*I10 -> 414.9 | K27: =F10*H10/I10 -> 488.06941 | L27: =I27*(J27*D10-K27*E10) -> 0 | M27: =I27*(J27*C10*(1-P10)+J27*B10*P10-K27*E10) -> 0 | P27: 1 | Q27: 1 | R27: {=SUMPRODUCT(L27:M27,P27:Q27)/10000} -> 0
A28: 第8年 | B28: =B27*(1-C28) -> -0.17875761 | C28: =$C$22 -> 0.022 | D28: =D27 -> 0.7 | E28: =B28*D28 -> -0.12513033 | F28: =B28-E28 -> -0.053627283 | H28: 45566 | I28: =J11 -> 0 | J28: =F11*H11*I11 -> 414.9 | K28: =F11*H11/I11 -> 488.06941 | L28: =I28*(J28*D11-K28*E11) -> 0 | M28: =I28*(J28*C11*(1-P11)+J28*B11*P11-K28*E11) -> 0 | Q28: 2 | R28: {=SUMPRODUCT(L28:M28,P28:Q28)/10000} -> 0
A29: 第9年 | B29: =B21 -> -0.20887793 | C29: 0.03 | D29: =D28 -> 0.7 | E29: =B29*D29 -> -0.14621455 | F29: =B29-E29 -> -0.062663379 | H29: 45597 | I29: =J12 -> 0 | J29: =F12*H12*I12 -> 414.9 | K29: =F12*H12/I12 -> 488.06941 | L29: =I29*(J29*D12-K29*E12) -> 0 | M29: =I29*(J29*C12*(1-P12)+J29*B12*P12-K29*E12) -> 0 | Q29: 2 | R29: {=SUMPRODUCT(L29:M29,P29:Q29)/10000} -> 0
A30: 第10年 | B30: =B29*(1-C30) -> -0.20428262 | C30: =$C$22 -> 0.022 | D30: =D29 -> 0.7 | E30: =B30*D30 -> -0.14299783 | F30: =B30-E30 -> -0.061284785 | H30: 45627 | I30: =J13 -> 0 | J30: =F13*H13*I13 -> 414.9 | K30: =F13*H13/I13 -> 488.06941 | L30: =I30*(J30*D13-K30*E13) -> 0 | M30: =I30*(J30*C13*(1-P13)+J30*B13*P13-K30*E13) -> 0 | P30: 1 | Q30: 1 | R30: {=SUMPRODUCT(L30:M30,P30:Q30)/10000} -> 0
A31: 第11年 | B31: =B30*(1-C31) -> -0.1997884 | C31: =$C$22 -> 0.022 | D31: =D30 -> 0.7 | E31: =B31*D31 -> -0.13985188 | F31: =B31-E31 -> -0.059936519 | R31: =SUM(R19:R30) -> 0.043067614
A32: 第12年 | B32: =B31*(1-C32) -> -0.19539305 | C32: =$C$22 -> 0.022 | D32: =D31 -> 0.7 | E32: =B32*D32 -> -0.13677514 | F32: =B32-E32 -> -0.058617916
A33: 第13年 | B33: =B32*(1-C33) -> -0.19109441 | C33: =$C$22 -> 0.022 | D33: =D32 -> 0.7 | E33: =B33*D33 -> -0.13376608 | F33: =B33-E33 -> -0.057328322
A34: 第14年 | B34: =B33*(1-C34) -> -0.18689033 | C34: =$C$22 -> 0.022 | D34: =D33 -> 0.7 | E34: =B34*D34 -> -0.13082323 | F34: =B34-E34 -> -0.056067099
A35: 第15年 | B35: =B34*(1-C35) -> -0.18277874 | C35: =$C$22 -> 0.022 | D35: =D34 -> 0.7 | E35: =B35*D35 -> -0.12794512 | F35: =B35-E35 -> -0.054833623
A36: 第16年 | B36: =B35*(1-C36) -> -0.17875761 | C36: =$C$22 -> 0.022 | D36: =D35 -> 0.7
A37: 第17年 | B37: =B36*(1-C37) -> -0.17482494 | C37: =$C$22 -> 0.022 | D37: =D36 -> 0.7
A38: 第18年 | B38: =B37*(1-C38) -> -0.17097879 | C38: =$C$22 -> 0.022 | D38: =D37 -> 0.7
A39: 第19年 | B39: =B38*(1-C39) -> -0.16721726 | C39: =$C$22 -> 0.022 | D39: =D38 -> 0.7
A40: 第20年 | B40: =B39*(1-C40) -> -0.16353848 | C40: =$C$22 -> 0.022 | D40: =D39 -> 0.7
A41: 总计 | B41: =SUM(B21:B40) -> -3.7722856 | E41: =SUM(E21:E40) -> -2.041878 | F41: =SUM(F21:F40) -> -0.87509057

Sheet Sheet1
A1: 45658 | B1: 0 | C1: 317.6
A2: 45658 | B2: 0.010416667 | C2: 365.6
A3: 45658 | B3: 0.020833333 | C3: 364.8
A4: 45658 | B4: 0.03125 | C4: 351.2
A5: 45658 | B5: 0.041666667 | C5: 340.8
A6: 45658 | B6: 0.052083333 | C6: 344.8
A7: 45658 | B7: 0.0625 | C7: 342.4
A8: 45658 | B8: 0.072916667 | C8: 344
A9: 45658 | B9: 0.083333333 | C9: 336
A10: 45658 | B10: 0.09375 | C10: 320.8
A11: 45658 | B11: 0.10416667 | C11: 312
A12: 45658 | B12: 0.11458333 | C12: 318.4
... A96: 45658 | B96: 0.98958333 | C96: 354.4
